Workbook

Sheet INFO liveLog
A1: Date | B1: comment
A2: 44958 | B2: Anne, Bennet and Paul met for discussions; protocol is linked
A3: 08.08.2023 | B3: Bill and Paul packed samples at ARI, Inuvik
A4: 11.08.2023 | B4: - in blue container on Donovan Archie's lot, there are four Thermoboxes: 7363 - empty (had contained 60 sets, probably now on ARI loading dock in medium Zarges box) 7183 - empty (had contained 74 sets, probably now on ARI loading dock in medium Zarges box) 7373 - 45 sample sets including nutrients 7368 - 59 sample sets including nutrients
A5: 15.08.2023 | B5: Samples landed with Bill in Germany but luggage and samples got lost
A6: 18.08.2023 | B6: Samples got found at BER and arrived at AWI, were stored in +4 degree room
A7: 21.08.2023 | B7: Samples were unpacked and listed by Antje and Caroline. Filter and nutrients back to freezer. CDOM, DOC to +4 room.
A8: 22.08.2023 | B8: Restsample was measured for pH and EC with robot and cations and anions bottles were prepared
A10: 01.09.2023 | B10: ich habe mit Lisa Bröder (cc) bezüglich der Filter gesprochen, wie wir damit weiter umgehen sollen. Wir haben beschlossen, dass wir sie bei uns trocknen ( ganz normal 24h, ~60°C, aufpassen mit Staub--> Petrischalendeckel offen drauflegen) und fuer SPM einwiegen, und die Filter dann getrocknet zur ETH schicken. Dies hat auch den Vorteil, dass der Transport einfacher ist. Dort werden sie dann auf d13C, d14C und evtl ausgewählte Filter auf Biomarker (hängt von Materialmenge ab) gemessen. Parallel versuche ich mal mit Martin Hieronymi zu sprechen, ob sie am Hereon evtl Kapazität haben zum POC concentration messen (oder können wir das iwo hier auf dem Berg?). POC concentration ist an der ETH Teil von einer Serie an Messungen (e.g. d14c) und dauert daher ziemlich lange (langer Probenrückstau) und ist aufwändig. Zunächst würde ich vorschlagen, dass Felica die Filter trocknet und einwiegt sobald sie wieder aus dem Urlaub zurück ist. Sagst du uns bescheid Felica? @Lisa, wenn zb POC am Hereon gemessen wird (ich vermute es wird ein Teil vom Filter herausgestanzt?), beeinträchtigt dies nicht die möglichkeiten zur d14C, d13C messung?
A11: 04.09.2023 | B11: CDOM was measured by Felica at GFZ using 5cm cuvettes
A12: 05.09.2023 | B12: Filters were thawed and put to drying oven by Felica
A13: 07.09.2023 | B13: Filters were weighted by Felica
A14: 26.09.2023 | B14: DOC/TDN were measured by Antje
A15: 16.10.2023 | B15: Cations were measured by Antje
... A34: 26.09.2024 | B34: Filters (#36 to #60, Peel River samples, blanks) were weighted by Caroline and Felica, left in desiccator (FG)
A35: 45627 | B35: CDOM (#36 to #60, Peel River samples, FLOCHAR) were measured by Daniela, Annabeth, Bennet and Felica (FG)
A36: 45658 | B36: Restsample (#36 to #60, Pauls River samples, blanks) were thawed , Filtration (0,45µm CA-Filter), Separation, Conservation_ anions/cations on thawed Restsample , Restsample was measured for pH and EC with robot (ca.30ml), no Restsample left (Caroline)
A37: 45658 | B37: DOC/TDN (#36 to #60, Pauls River samples, blanks) were measured by Antje
A38: 03.02.2025 | B38: Bennet added DOC/TDN data to this table
A39: 45658 | B39: BJ has talked to Fre and Bill aboiut sample transport from Inuvik to GER
A40: 45689 | B40: 2 yeti boxes sent with thinice freight to inuvik
A41: 45689 | B41: anions/cations(#36 to #60, Pauls River samples, blanks) were measured by Antje&Caroline
A42: 08.05.2025 | B42: Marie and Felica listed and sorted new water samples and filter (#61-#75) and two ARI ice cores -> Laborkühlschrank R004 (cooled)/ RUG05 (frozen, Freezer 3, Truhe)
A43: 16.05.2025 | B43: Marie put Rest samples (#61-#75) in Laborkühlschrank in R004 (Geochemie)
A44: 19.05.2025 | B44: Restsample (#61 to #75) were thawed , Filtration (0,45µm CA-Filter), Separation, Conservation_ anions/cations on thawed Restsample , Restsample was measured for pH and EC with robot (ca.30ml), no Restsample left (Caroline/Inka/Antje)
A45: 26.05.2025 | B45: Marie added raw data (incl. DL) values of iones to DUCCEM_full_cations+anions (till #60)
A46: 05.06.2025 | B46: Marie added final results up till #60 (iones, isotopes incl. deviation, POC) + a new column for ice thickness
A47: 11.06.2025 | B47: Marie added iones+Leitfaehigkeit up to #75 in liveRESULTS and full_cationes+aniones
A48: 19.06.2025 | B48: Order of CDOM data ID50 to 60 was wrong --> MJ corrected, MJ added CDOM 61-75
A49: 03.07.2025 | B49: SPM Filter #61 to #75 put to drying oven by Marie and Felica (50 degrees)
A50: 07.07.2025 | B50: SPM Filter #61 to #75 were weighed back by Marie and Felica
A51: 10.07.2025 | B51: Marie, Paul, Bennet and Felica updated the layout of liveResults and Marie added new tables that are needed for the dashboard (Parameter_Info, Discharge_Gauge)

Sheet Parameter_Info
A1: Name | B1: For Timeseries | C1: For Scatter | D1: Renamed (unit) | E1: Info
A2: {=TRANSPOSE(DUCCEM_liveResults!A1:BF1)} -> ID | B2: No | C2: No | D2: ID | E2: Running number for samples
A3: Date | B3: On x-axis by default | C3: No | D3: Datetime, local (YYYY-MM-DD) | E3: Local date (Inuvik, NWT, Canada)
A4: Time local (hh:mm) | B4: No | C4: No | D4: Time (hh:mm) | E4: Local time (Inuvik, NWT, Canada)
A5: Lat (DecDeg) | B5: No | C5: No | D5: Lat (DecDeg)
A6: Lon (DecDeg) | B6: No | C6: No | D6: Lon (DecDeg)
A7: comments on sampling location | B7: No | C7: No | D7: comments on sampling location
A8: comments on sampling situation | B8: No | C8: No | D8: comments on sampling situation
A9: sampled by | B9: No | C9: No | D9: sampled by
A10: Temperature in situ (°C) | B10: Yes | C10: Yes | D10: Water temperature (°C) | E10: The in situ river temperature was measured using a SonTek CastAway-CTD is a compact, GPS-enabled instrument that measures conductivity, temperature, and depth with high accuracy (±0.05 °C for temperature, ±0.25% for pressure and conductivity). It features a 5 Hz sampling rate
A11: Electrical Conductivity in situ (µS cm⁻¹) | B11: Yes | C11: Yes | D11: Electrical Conductivity, in situ (µS cm⁻¹) | E11: The in situ river electrical conductivity was measured using a SonTek CastAway-CTD is a compact, GPS-enabled instrument that measures conductivity, temperature, and depth with high accuracy (±0.05 °C for temperature, ±0.25% for pressure and conductivity). It features a 5 Hz sampling rate
A12: Electrical Conductivity Lab (µS cm⁻¹) | B12: Yes | C12: Yes | D12: Electrical Conductivity, Lab (µS cm⁻¹) | E12: For the pH/EC measurement the original frozen, unfiltered sample is thawed and then measured. A pH EC AR Robot from Seal Analytical is used for the measurement in combination with a Thermo Scientific Versa Star Pro Meter and a pH electrode (Thermo Scientific Orion) and a Conductivity electrode (Dura Probe 4 - Electrode Conductivity Cell) with a measuring range of 1 µS/cm to 200 mS/cm. A three-point calibration is performed for pH measurement.
A13: pH Lab (-) | B13: Yes | C13: Yes | D13: pH, Lab (-) | E13: For the pH/EC measurement the original frozen, unfiltered sample is thawed and then measured. A pH EC AR Robot from Seal Analytical is used for the measurement in combination with a Thermo Scientific Versa Star Pro Meter and a pH electrode (Thermo Scientific Orion) and a Conductivity electrode (Dura Probe 4 - Electrode Conductivity Cell) with a measuring range of 1 µS/cm to 200 mS/cm. A three-point calibration is performed for pH measurement.
A14: Discharge in situ (m³ s⁻¹) | B14: No | C14: No | D14: Discharge, in situ (m³ s⁻¹)
A15: δ18O (‰) | B15: Yes | C15: Yes | D15: δ18O (‰) | E15: Oxygen (δ¹⁸O) and hydrogen (δD) isotope measurements conducted at the ISOLAB Facility at the Alfred Wegener Institute (AWI) Potsdam using DELTA-S Finnigan MAT mass spectrometers (USA) employing the equilibration method, described in Meyer et al. (2000). The isotope ratios are reported in per mil (‰) relative to the Vienna Standard Mean Ocean Water (VSMOW) as the international reference standard. Isotope analyses at ETH Zurich were performed using a PICARRO isotope and gas concentration analyzer (L2130-i). Nitrogen was used as purge gas and the vaporizer temperature was set at 110 °C. There were 12 injections per sample (1.8 µL), six injections were used to flush the vaporizer and measurement cavity of the instrument between samples. The latter six injections were injected as individual pulses for measurement with the latter four used in the data reduction. Isotope compositions were calibrated against reference materials from the International Atomic Energy Agency (IAEA) including SLAP2, GRESP, and VSMOW2 and in-house reference materials, resulting in a precision of analyses of 0.1 – 2‰. An independent quality control was carried up against reference materials from the United States Geologic Survey (USGS) which were run as quality control.
A16: δD (‰) | B16: Yes | C16: Yes | D16: δD (‰) | E16: Oxygen (δ¹⁸O) and hydrogen (δD) isotope measurements conducted at the ISOLAB Facility at the Alfred Wegener Institute (AWI) Potsdam using DELTA-S Finnigan MAT mass spectrometers (USA) employing the equilibration method, described in Meyer et al. (2000). The isotope ratios are reported in per mil (‰) relative to the Vienna Standard Mean Ocean Water (VSMOW) as the international reference standard. Isotope analyses at ETH Zurich were performed using a PICARRO isotope and gas concentration analyzer (L2130-i). Nitrogen was used as purge gas and the vaporizer temperature was set at 110 °C. There were 12 injections per sample (1.8 µL), six injections were used to flush the vaporizer and measurement cavity of the instrument between samples. The latter six injections were injected as individual pulses for measurement with the latter four used in the data reduction. Isotope compositions were calibrated against reference materials from the International Atomic Energy Agency (IAEA) including SLAP2, GRESP, and VSMOW2 and in-house reference materials, resulting in a precision of analyses of 0.1 – 2‰. An independent quality control was carried up against reference materials from the United States Geologic Survey (USGS) which were run as quality control.
A17: D - excess (‰) | B17: Yes | C17: Yes | D17: D excess (‰) | E17: Deuterium excess (d) was calculated according to the equation (after Dansgaard, 1964): d = δD − 8 × δ¹⁸O
A18: Ice Thickness in situ (cm) | B18: Yes | C18: Yes | D18: Ice thickness, in situ (cm) | E18: Ice thickness was measured after drilling the ice hole with a special ice thickness measureing tape
A19: SPM (mg L⁻¹) | B19: Yes | C19: Yes | D19: SPM concentration (mg L⁻¹) | E19: Suspended sediment concentration - weighted particles on filter
A20: POC (mg L⁻¹) | B20: Yes | C20: Yes | D20: POC (mg L⁻¹) | E20: Particulate organic carbon concentration in mg per liter. Measured on an elemental analyzer and corrected for blank, size and drift of the instrument
A21: POC (%) | B21: Yes | C21: Yes | D21: POC (%) | E21: Particulate organic carbon relative proportion. Percentage of organic carbon in the sample. Measured on an elemental analyzer and corrected for blank, size and drift of the instrument
A22: d13C (‰) | B22: Yes | C22: Yes | D22: δ13C (‰) | E22: Stable organic carbon isotope ratios. Measured on an elemental analyzer coupled with an isotope ratio mass spectrometer. Corrected for size, blank and drift, normalized to international standards (USGS64 and EDTA)
A23: aCDOM(254) (m⁻¹) | B23: Yes | C23: Yes | D23: CDOM absorption at 254 nm (m⁻¹) | E23: For CDOM absorption, the sample was filtered through a 0.45 μm cellulose acetate filter (Whatman GF/F syringe filter) which had been rinsed with 50 mL sample water. CDOM samples were collected in pre-rinsed 100 mL amber glass bottles that were stored in the dark at 4°C until analysis. aCDOM was measured at the German Research Center for Geosciences (GFZ), Potsdam, Germany using a double beam LAMBDA 950 UV/Vis (PerkinElmer) spectrophotometer. The absorbance (A) was measured between 200 and 750 nm in 1 nm steps using a 5 cm or 10 cm cuvette, depending on the expected concentration of dissolved organic matter. Absorption (a) was calculated from the resulting absorbance measurements via aCDOM(λ) = 2.303 * A(λ) * l, where l is the path length (length of cuvette in meter). Every 5 to 10 samples, the reference sample (Milli-Q water) was exchanged and a blank was measured to avoid instrument drift.
A24: aCDOM(443) (m⁻¹) | B24: No | C24: No | D24: CDOM absorption at 443 nm (m⁻¹) | E24: For CDOM absorption, the sample was filtered through a 0.45 μm cellulose acetate filter (Whatman GF/F syringe filter) which had been rinsed with 50 mL sample water. CDOM samples were collected in pre-rinsed 100 mL amber glass bottles that were stored in the dark at 4°C until analysis. aCDOM was measured at the German Research Center for Geosciences (GFZ), Potsdam, Germany using a double beam LAMBDA 950 UV/Vis (PerkinElmer) spectrophotometer. The absorbance (A) was measured between 200 and 750 nm in 1 nm steps using a 5 cm or 10 cm cuvette, depending on the expected concentration of dissolved organic matter. Absorption (a) was calculated from the resulting absorbance measurements via aCDOM(λ) = 2.303 * A(λ) * l, where l is the path length (length of cuvette in meter). Every 5 to 10 samples, the reference sample (Milli-Q water) was exchanged and a blank was measured to avoid instrument drift.
A25: S275-295 (nm⁻¹) | B25: Yes | C25: Yes | D25: S275-295 (nm⁻¹) | E25: S275–295 was calculated by fitting a regression for the wavelength ranges 275–295 nm to the exponential function (Helms et al., 2008)
A26: S350-400 (nm⁻¹) | B26: Yes | C26: Yes | D26: S350-400 (nm⁻¹) | E26: S350-400 was calculated by fitting a regression for the wavelength ranges 275–295 nm to the exponential function (Helms et al., 2008)
... A63: Discharge | B63: Yes | C63: Yes | D63: Discharge (m³ s⁻¹) | E63: Discharge data is taken from ArcticGRO (Shiklomanov et al. 2021).

Sheet DUCCEM_liveResults
A1: ID | B1: Date | C1: Time local (hh:mm) | D1: Lat (DecDeg) | E1: Lon (DecDeg) | F1: comments on sampling location | G1: comments on sampling situation | H1: sampled by | I1: Temperature in situ (°C) | J1: Electrical Conductivity in situ (µS cm⁻¹) | K1: Electrical Conductivity Lab (µS cm⁻¹) | L1: pH Lab (-) | M1: Discharge in situ (m³ s⁻¹) | N1: δ18O (‰) | O1: δD (‰) | P1: D - excess (‰) | Q1: Ice Thickness in situ (cm) | R1: SPM (mg L⁻¹) | S1: POC (mg L⁻¹) | T1: POC (%) | U1: d13C (‰) | V1: aCDOM(254) (m⁻¹) | W1: aCDOM(443) (m⁻¹) | X1: S275-295 (nm⁻¹) | Y1: S350-400 (nm⁻¹) | Z1: Slope Ratio (-) | AA1: SUVA (m⁻²gC⁻¹) | AB1: DOC (mg L⁻¹) | AC1: TDN (mg L⁻¹) | AD1: Al (µg L⁻¹) | AE1: Ba (µg L⁻¹) | AF1: Ca (µg L⁻¹) | AG1: Fe (µg L⁻¹) | AH1: K (mg L⁻¹) | AI1: Mg (mg L⁻¹) | AJ1: Mn (µg L⁻¹) | AK1: Na (mg L⁻¹) | AL1: P (mg L⁻¹) | AM1: Si (mg L⁻¹) | AN1: Sr (µg L⁻¹) | AO1: Pb (µg L⁻¹) | AP1: Cr (µg L⁻¹) | AQ1: V (µg L⁻¹) | AR1: Co (µg L⁻¹) | AS1: Ni (µg L⁻¹) | AT1: Cu (µg L⁻¹) | AU1: Zn (µg L⁻¹) | AV1: F (mg L⁻¹) | AW1: Cl (mg L⁻¹) | AX1: SO4 (mg L⁻¹) | AY1: Br (mg L⁻¹) | AZ1: NO3 (mg L⁻¹) | BA1: PO4 (mg L⁻¹) | BB1: NO3, nutrients (µmol L⁻¹) | BC1: NO2, nutrients (µmol/L) | BD1: PO4, nutrients (µmol/L) | BE1: Si, nutrients (µmol/L) | BF1: NH4, nutrients (µmol/L)
A2: 1 | B2: 45050 | C2: 0.625 | D2: 68.338 | E2: -133.7063 | F2: from ice_ 20 m from land_ 108 cm thick ice | G2: frozen river_ clear colourless H2O | H2: Lance Gray | I2: 0.23 | J2: 366 | K2: 342.38 | N2: -18.42 | O2: -149.8 | P2: -2.4 | Q2: 108 | R2: =DUCCEM_full_SPM!K2 -> 11.166667 | S2: 0.19 | T2: 1.71 | U2: -30.9 | V2: =DUCCEM_full_CDOM!BM2:BM116 -> 25.14337 | W2: 0.81669 | X2: =DUCCEM_full_CDOM!WN2 -> 0.02081 | Y2: =DUCCEM_full_CDOM!WO2 -> 0.01879 | Z2: =DUCCEM_full_CDOM!WP2 -> 1.1075 | AA2: =(V2/2.303)/AB2 -> 2.3994856 | AB2: 4.55 | AC2: 0.39 | AD2: < 20 | AE2: 53 | AF2: 39.6 | AG2: < 20 | AH2: 1.05 | AI2: 11.1 | AJ2: < 20 | AK2: 13.2 | AL2: < 0.10 | AM2: 2.04 | AN2: 279 | AO2: < 25 | AP2: < 20 | AQ2: < 20 | AR2: < 20 | AS2: < 20 | AT2: < 20 | AU2: < 20 | AV2: 0.09 | AW2: 15.2 | AX2: 46.3 | AY2: < 0.05 | AZ2: 0.52 | BA2: < 0.10 | BB2: 10.633 | BC2: 0.034 | BD2: 0.136 | BE2: 71.756 | BF2: 0.176
A3: TSI | B3: 45051 | C3: 0.5 | D3: 67.4543 | E3: -133.7178 | F3: from ice_ middle of Mackenzie River at Arctic Red River = location of ArcticGRO sampling | G3: frozen river_ clear colourless H2O | H3: Anne Morgenstern_ Felica Gehde | I3: 0.1 | J3: 358 | K3: 329.27 | N3: -18.35 | O3: -149 | P3: -2.2 | R3: =DUCCEM_full_SPM!K3 -> 6.7 | S3: 0.1 | T3: 1.47 | U3: -30.82 | V3: =DUCCEM_full_CDOM!BM3:BM117 -> 24.4603 | W3: 0.862335 | X3: =DUCCEM_full_CDOM!WN3 -> 0.0209 | Y3: =DUCCEM_full_CDOM!WO3 -> 0.01829 | Z3: =DUCCEM_full_CDOM!WP3 -> 1.1427 | AA3: =(V3/2.303)/AB3 -> 2.4585786 | AB3: 4.32 | AC3: 0.36 | AD3: < 20 | AE3: 51 | AF3: 36.7 | AG3: < 20 | AH3: 1.06 | AI3: 10.7 | AJ3: < 20 | AK3: 12.8 | AL3: < 0.10 | AM3: 1.99 | AN3: 272 | AO3: < 25 | AP3: < 20 | AQ3: < 20 | AR3: < 20 | AS3: < 20 | AT3: < 20 | AU3: < 20 | AV3: 0.09 | AW3: 14.4 | AX3: 44.1 | AY3: < 0.05 | AZ3: 0.47 | BA3: < 0.10 | BB3: 9.713 | BC3: 0.024 | BD3: 0.081 | BE3: 69.861 | BF3: 0.028
A4: blank 1 | B4: 45051 | H4: Felica Gehde
A5: 2 | B5: 45051 | C5: 0.64583333 | D5: 68.338 | E5: -133.7063 | F5: from ice_ 20 m from land_ 108 cm thick ice | G5: frozen river; wood particles from marking twig fell into hole_ removed as good as possible | H5: Anne Morgenstern_ Felica Gehde | I5: 0.13 | J5: 371 | K5: 332.97 | N5: -18.38 | O5: -149 | P5: -2 | Q5: 108 | R5: =DUCCEM_full_SPM!K5 -> 2.2857143 | S5: 0.07 | T5: 3.02 | U5: -33.41 | V5: =DUCCEM_full_CDOM!BM5:BM119 -> 24.49701 | W5: 0.835989 | X5: =DUCCEM_full_CDOM!WN5 -> 0.02088 | Y5: =DUCCEM_full_CDOM!WO5 -> 0.01863 | Z5: =DUCCEM_full_CDOM!WP5 -> 1.1208 | AA5: =(V5/2.303)/AB5 -> 2.4565819 | AB5: 4.33 | AC5: 0.32 | AD5: < 20 | AE5: 51 | AF5: 37.8 | AG5: < 20 | AH5: 1.07 | AI5: 11.1 | AJ5: < 20 | AK5: 13.1 | AL5: < 0.10 | AM5: 2.05 | AN5: 273 | AO5: < 25 | AP5: < 20 | AQ5: < 20 | AR5: < 20 | AS5: < 20 | AT5: < 20 | AU5: < 20 | AV5: 0.1 | AW5: 15.2 | AX5: 46.2 | AY5: < 0.05 | AZ5: 0.52 | BA5: < 0.10
A6: 3 | B6: 45054 | C6: 0.45833333 | D6: 68.338 | E6: -133.7063 | F6: from ice_ same hole as for sample number 002 | G6: frozen river; very wet snow and standing meltwater on the ice; 3 CTD casts_ use last one only! | H6: Anne Morgenstern_ Felica Gehde | I6: 0.11 | J6: 371 | K6: 333.27 | N6: -18.43 | O6: -148.5 | P6: -1.1 | R6: =DUCCEM_full_SPM!K6 -> 2.3 | S6: 0.08 | T6: 3.68 | U6: -32.93 | V6: =DUCCEM_full_CDOM!BM6:BM120 -> 24.40954 | W6: 0.824244 | X6: =DUCCEM_full_CDOM!WN6 -> 0.02068 | Y6: =DUCCEM_full_CDOM!WO6 -> 0.01884 | Z6: =DUCCEM_full_CDOM!WP6 -> 1.0977 | AA6: =(V6/2.303)/AB6 -> 2.392555 | AB6: 4.43 | AC6: 0.34 | AD6: < 20 | AE6: 52 | AF6: 38.3 | AG6: < 20 | AH6: 1.09 | AI6: 11.4 | AJ6: < 20 | AK6: 13.4 | AL6: < 0.10 | AM6: 2.09 | AN6: 278 | AO6: < 25 | AP6: < 20 | AQ6: < 20 | AR6: < 20 | AS6: < 20 | AT6: < 20 | AU6: < 20 | AV6: 0.09 | AW6: 15.1 | AX6: 46.1 | AY6: < 0.05 | AZ6: 0.55 | BA6: < 0.10 | BB6: 10.314 | BC6: 0.019 | BD6: 0.084 | BE6: 67.018 | BF6: 0.003
A7: 4 | B7: 45055 | C7: 0.41666667 | D7: 68.338 | E7: -133.7063 | F7: on ice_ 13 cm of meltwater on ice_ ice thickness 96.5 cm | G7: spring melt on ice_ cloudy_ little wind_ little colour to water_ 2 CTD casts - use 2nd one | H7: Lance Gray | I7: 0.13 | J7: 371 | K7: 338.98 | N7: -18.4 | O7: -149.1 | P7: -1.8 | Q7: 96.5 | R7: =DUCCEM_full_SPM!K7 -> 2.4 | S7: 0.09 | T7: 3.81 | U7: -33.72 | V7: =DUCCEM_full_CDOM!BM7:BM121 -> 24.9373 | W7: 0.916318 | X7: =DUCCEM_full_CDOM!WN7 -> 0.0204 | Y7: =DUCCEM_full_CDOM!WO7 -> 0.01889 | Z7: =DUCCEM_full_CDOM!WP7 -> 1.0799 | AA7: =(V7/2.303)/AB7 -> 2.4062624 | AB7: 4.5 | AC7: 0.36 | AD7: < 20 | AE7: 54 | AF7: 39.6 | AG7: < 20 | AH7: 1.06 | AI7: 11.3 | AJ7: < 20 | AK7: 13.2 | AL7: < 0.10 | AM7: 2.08 | AN7: 288 | AO7: < 25 | AP7: < 20 | AQ7: < 20 | AR7: < 20 | AS7: < 20 | AT7: < 20 | AU7: < 20 | AV7: 0.1 | AW7: 15.1 | AX7: 46.3 | AY7: < 0.05 | AZ7: 0.51 | BA7: < 0.10 | BB7: 10.017 | BC7: 0.022 | BD7: 0.137 | BE7: 68.305 | BF7: 0.025
A8: 5 | B8: 45056 | C8: 0.41666667 | D8: 68.338 | E8: -133.7063 | F8: from ice_ same hole as last days | G8: standing meltwater puddle from shore reaches to ice hole | H8: Anne Morgenstern_ Felica Gehde | I8: 0.16 | J8: 367 | K8: 344.89 | N8: -18.4 | O8: -149.1 | P8: -1.9 | R8: =DUCCEM_full_SPM!K8 -> 2.5 | S8: 0.08 | T8: 3.23 | U8: -33.49 | V8: =DUCCEM_full_CDOM!BM8:BM122 -> 24.83205 | W8: 1.028566 | X8: =DUCCEM_full_CDOM!WN8 -> 0.02023 | Y8: =DUCCEM_full_CDOM!WO8 -> 0.01803 | Z8: =DUCCEM_full_CDOM!WP8 -> 1.122 | AA8: =(V8/2.303)/AB8 -> 2.4787309 | AB8: 4.35 | AC8: 0.35 | AD8: < 20 | AE8: 57 | AF8: 40.9 | AG8: < 20 | AH8: 1.08 | AI8: 11.3 | AJ8: < 20 | AK8: 13.2 | AL8: < 0.10 | AM8: 2.06 | AN8: 295 | AO8: < 25 | AP8: < 20 | AQ8: < 20 | AR8: < 20 | AS8: < 20 | AT8: < 20 | AU8: < 20 | AV8: 0.09 | AW8: 15.2 | AX8: 46.5 | AY8: < 0.05 | AZ8: 0.52 | BA8: < 0.10
A9: 6 | B9: 45062 | C9: 0.38888889 | F9: sampling from shore; 15 m of exposed river on edge_ candle ice in the center; 2 CTD casts thrown as close to the ice as possible_ CTD touched riverbed and dragged along it in retrieval | G9: spring melt_ 2 days of 20 °C prior to today_ muddy water_ lots of sediment suspended_ wind blowing up river | H9: Lance Gray_ Greg Elias | I9: 0.11 | J9: 311 | K9: 286.51 | N9: -19.25 | O9: -154.8 | P9: -0.8 | R9: =DUCCEM_full_SPM!K9 -> 60 | S9: 0.83 | T9: 1.38 | U9: -29.64 | V9: =DUCCEM_full_CDOM!BM9:BM123 -> 37.55129 | W9: 1.929453 | X9: =DUCCEM_full_CDOM!WN9 -> 0.01699 | Y9: =DUCCEM_full_CDOM!WO9 -> 0.01721 | Z9: =DUCCEM_full_CDOM!WP9 -> 0.9872 | AA9: =(V9/2.303)/AB9 -> 2.9754343 | AB9: 5.48 | AC9: 0.32 | AD9: < 20 | AE9: 46 | AF9: 34.1 | AG9: < 20 | AH9: 1.04 | AI9: 9.5 | AJ9: < 20 | AK9: 10.7 | AL9: < 0.10 | AM9: 1.69 | AN9: 231 | AO9: < 25 | AP9: < 20 | AQ9: < 20 | AR9: < 20 | AS9: < 20 | AT9: < 20 | AU9: < 20 | AV9: 0.09 | AW9: 11.4 | AX9: 40.7 | AY9: < 0.05 | AZ9: 0.37 | BA9: < 0.10
A10: 7 | B10: 45069 | C10: 0.41666667 | D10: 68.3383 | E10: -133.705 | F10: hand taken with bottle_ sample taken upriver of myself ~15 m into water_ stood still for ~1 min to let water settle | G10: spring breakup of ice one day prior_ beavers swimming by slopping water_ lots of sediment_ still ice chunks and floating logs_ could not reach point of previous sample | H10: Lance Gray | I10: 0.75 | J10: 229 | K10: 218.01 | N10: -20.08 | O10: -160.4 | P10: 0.2 | R10: =DUCCEM_full_SPM!K10 -> 197 | S10: 2.41 | T10: 1.22 | U10: -27.88 | V10: =DUCCEM_full_CDOM!BM10:BM124 -> 59.12229 | W10: 3.082565 | X10: =DUCCEM_full_CDOM!WN10 -> 0.01526 | Y10: =DUCCEM_full_CDOM!WO10 -> 0.01742 | Z10: =DUCCEM_full_CDOM!WP10 -> 0.876 | AA10: =(V10/2.303)/AB10 -> 3.347048 | AB10: 7.67 | AC10: 0.37 | AD10: 26 | AE10: 51 | AF10: 28.2 | AG10: 34 | AH10: 0.89 | AI10: 7.19 | AJ10: 28 | AK10: 5.66 | AL10: < 0.10 | AM10: 1.2 | AN10: 154 | AO10: < 25 | AP10: < 20 | AQ10: < 20 | AR10: < 20 | AS10: < 20 | AT10: < 20 | AU10: < 20 | AV10: 0.07 | AW10: 4.62 | AX10: 28.8 | AY10: < 0.05 | AZ10: 0.23 | BA10: < 0.10
A11: blank 2 | B11: 45069 | H11: Lance Gray
A12: 8 | B12: 45072 | C12: 0.45138889 | F12: waded into water ~15 m for sample by hand; no ice on near side of river_ a little ice floating down river | G12: spring high water_ little wind_ calm water flowing; lots of sediment suspended_ some floating debris (branches_ ???_ etc.)_ muskrats swimming nearby | H12: Lance Gray | I12: 2.71 | J12: 211 | K12: 200.48 | N12: -20.59 | O12: -164.2 | P12: 0.6 | R12: =DUCCEM_full_SPM!K12 -> 66 | S12: 1.12 | T12: 1.7 | U12: -29.2 | V12: =DUCCEM_full_CDOM!BM12:BM126 -> 96.04887 | W12: 5.960302 | X12: =DUCCEM_full_CDOM!WN12 -> 0.01434 | Y12: =DUCCEM_full_CDOM!WO12 -> 0.01638 | Z12: =DUCCEM_full_CDOM!WP12 -> 0.8755 | AA12: =(V12/2.303)/AB12 -> 3.595343 | AB12: 11.6 | AC12: 0.46 | AD12: < 20 | AE12: 44 | AF12: 25.3 | AG12: 73 | AH12: 1.09 | AI12: 6.83 | AJ12: 46 | AK12: 5.67 | AL12: < 0.10 | AM12: 1.12 | AN12: 137 | AO12: < 25 | AP12: < 20 | AQ12: < 20 | AR12: < 20 | AS12: < 20 | AT12: < 20 | AU12: < 20 | AV12: 0.08 | AW12: 4.67 | AX12: 27.6 | AY12: < 0.05 | AZ12: 0.16 | BA12: < 0.10
A13: 9 | B13: 45076 | C13: 0.46527778 | F13: sample taken from shoreline_ very deep mud left to settle before taking sample | G13: spring flood levels settling_ little wind_ lots of sediment_ floating debris | H13: Lance Gray | I13: 5.76 | J13: 226 | K13: 217.11 | N13: -20.43 | O13: -163.1 | P13: 0.3 | R13: =DUCCEM_full_SPM!K13 -> 46 | S13: 0.89 | T13: 1.93 | U13: -29.17 | V13: =DUCCEM_full_CDOM!BM13:BM127 -> 77.71976 | W13: 4.403981 | X13: =DUCCEM_full_CDOM!WN13 -> 0.01503 | Y13: =DUCCEM_full_CDOM!WO13 -> 0.01678 | Z13: =DUCCEM_full_CDOM!WP13 -> 0.8957 | AA13: =(V13/2.303)/AB13 -> 3.4971173 | AB13: 9.65 | AC13: 0.46 | AD13: < 20 | AE13: 49 | AF13: 28.7 | AG13: 42 | AH13: 1.04 | AI13: 7.58 | AJ13: 38 | AK13: 6.71 | AL13: < 0.10 | AM13: 1.27 | AN13: 158 | AO13: < 25 | AP13: < 20 | AQ13: < 20 | AR13: < 20 | AS13: < 20 | AT13: < 20 | AU13: < 20 | AV13: 0.08 | AW13: 5.78 | AX13: 29.4 | AY13: < 0.05 | AZ13: 0.17 | BA13: < 0.10 | BB13: 3.245 | BC13: 0.06 | BD13: 0.12 | BE13: 42.895 | BF13: 0.01
A14: 10 | B14: 45083 | C14: 0.56597222 | F14: from shoreline_ by hand_ standing on river edge letting sediment settle before sample | G14: lowering water level_ up river wind - light_ lots of sediment visible_ difficult to have zero disturbance in sediment but best efforts made to gather 'clean' sample | H14: Lance Gray | I14: 10.33 | J14: 232 | K14: 221.91 | N14: -20.19 | O14: -160.9 | P14: 0.7 | R14: =DUCCEM_full_SPM!K14 -> 58.5 | S14: 0.87 | T14: 1.48 | U14: -30.21 | V14: =DUCCEM_full_CDOM!BM14:BM128 -> 72.3598 | W14: 3.879265 | X14: =DUCCEM_full_CDOM!WN14 -> 0.01546 | Y14: =DUCCEM_full_CDOM!WO14 -> 0.01711 | Z14: =DUCCEM_full_CDOM!WP14 -> 0.9036 | AA14: =(V14/2.303)/AB14 -> 3.3178247 | AB14: 9.47 | AC14: 0.42 | AD14: < 20 | AE14: 49 | AF14: 27.8 | AG14: 33 | AH14: 1 | AI14: 7.79 | AJ14: 35 | AK14: 6.64 | AL14: < 0.10 | AM14: 1.4 | AN14: 154 | AO14: < 25 | AP14: < 20 | AQ14: < 20 | AR14: < 20 | AS14: < 20 | AT14: < 20 | AU14: < 20 | AV14: 0.07 | AW14: 5.82 | AX14: 30.4 | AY14: < 0.05 | AZ14: 0.16 | BA14: < 0.10
A15: Transect bottle #1 | B15: 45086 | F15: transect taken across width of river at same point of other samples; #1 taken closest to sample side of river | H15: technicians; filtering by Lance Gray | R15: =DUCCEM_full_SPM!K15 -> 33.5 | S15: 0.57 | T15: 1.71 | U15: -30.57
A16: Transect bottle #2 | B16: 45086 | F16: transect taken across width of river at same point of other samples; #2 taken in middle of river | H16: technicians; filtering by Lance Gray | R16: =DUCCEM_full_SPM!K16 -> 46.5 | S16: 0.62 | T16: 1.33 | U16: -29.01
A17: Transect bottle #3 | B17: 45086 | F17: transect taken across width of river at same point of other samples; #3 taken opposite side of river | H17: technicians; filtering by Lance Gray | R17: =DUCCEM_full_SPM!K17 -> 46 | S17: 0.62 | T17: 1.36 | U17: -29.63
A18: 11 | B18: 45090 | C18: 0.5625 | F18: from shoreline_ by hand | G18: up river wind_ waves moving up river_ sediment being moved by waves; a rainy morning but no more during sampling | H18: Lance Gray | I18: 13.62 | J18: 243 | K18: 228.32 | N18: -19.89 | O18: -158.8 | P18: 0.3 | R18: =DUCCEM_full_SPM!K18 -> 52.5 | S18: 0.65 | T18: 1.23 | U18: -30.97 | V18: =DUCCEM_full_CDOM!BM18:BM132 -> 61.45339 | W18: 3.07644 | X18: =DUCCEM_full_CDOM!WN18 -> 0.01609 | Y18: =DUCCEM_full_CDOM!WO18 -> 0.01732 | Z18: =DUCCEM_full_CDOM!WP18 -> 0.929 | AA18: =(V18/2.303)/AB18 -> 3.3522688 | AB18: 7.96 | AC18: 0.31 | AD18: 21 | AE18: 49 | AF18: 29.1 | AG18: 27 | AH18: 1.02 | AI18: 8.51 | AJ18: 23 | AK18: 8.35 | AL18: < 0.10 | AM18: 1.54 | AN18: 170 | AO18: < 25 | AP18: < 20 | AQ18: < 20 | AR18: < 20 | AS18: < 20 | AT18: < 20 | AU18: < 20 | AV18: 0.08 | AW18: 5.34 | AX18: 35.2 | AY18: < 0.05 | AZ18: 0.16 | BA18: < 0.10
A19: 12 | B19: 45097 | C19: 0.39930556 | F19: from shoreline | G19: murky water; water has dropped; breezy_ some waves | H19: Lance Gray_ Erika Hille | I19: 14.95 | J19: 258 | K19: 240.64 | N19: -19.76 | O19: -158.2 | P19: 0.1 | R19: =DUCCEM_full_SPM!K19 -> 163.5 | S19: 1.62 | T19: 0.99 | U19: -28.12 | V19: =DUCCEM_full_CDOM!BM19:BM133 -> 72.63395 | W19: 3.600694 | X19: =DUCCEM_full_CDOM!WN19 -> 0.01595 | Y19: =DUCCEM_full_CDOM!WO19 -> 0.01733 | Z19: =DUCCEM_full_CDOM!WP19 -> 0.9204 | AA19: =(V19/2.303)/AB19 -> 3.373138 | AB19: 9.35 | AC19: 0.36 | AD19: 28 | AE19: 50 | AF19: 30.3 | AG19: 35 | AH19: 0.98 | AI19: 8.48 | AJ19: < 20 | AK19: 7.11 | AL19: < 0.10 | AM19: 1.46 | AN19: 179 | AO19: < 25 | AP19: < 20 | AQ19: < 20 | AR19: < 20 | AS19: < 20 | AT19: < 20 | AU19: < 20 | AV19: 0.08 | AW19: 6.11 | AX19: 34.2 | AY19: < 0.05 | AZ19: 0.11 | BA19: < 0.10
A20: 13 | B20: 45104 | C20: 0.40972222 | D20: 68.3381 | E20: -133.7058 | F20: from dock ~10 m from shore | G20: murky water_ breeze from downriver_ small waves up river | H20: Lance Gray | I20: 16.78 | J20: 263 | K20: 242.04 | N20: -19.54 | O20: -156.2 | P20: 0.1 | R20: =AVERAGE(R21:R23) -> 42.833333 | V20: =DUCCEM_full_CDOM!BM20:BM134 -> 49.54743 | W20: 2.325201 | X20: =DUCCEM_full_CDOM!WN20 -> 0.01688 | Y20: =DUCCEM_full_CDOM!WO20 -> 0.01745 | Z20: =DUCCEM_full_CDOM!WP20 -> 0.9673 | AA20: =(V20/2.303)/AB20 -> 3.1499705 | AB20: 6.83 | AC20: 0.31 | AD20: < 20 | AE20: 47 | AF20: 29 | AG20: < 20 | AH20: 0.84 | AI20: 9.13 | AJ20: < 20 | AK20: 7.16 | AL20: < 0.10 | AM20: 1.55 | AN20: 187 | AO20: < 25 | AP20: < 20 | AQ20: < 20 | AR20: < 20 | AS20: < 20 | AT20: < 20 | AU20: < 20 | AV20: 0.08 | AW20: 6.21 | AX20: 37.8 | AY20: < 0.05 | AZ20: 0.13 | BA20: < 0.10
A21: Transect bottle #1 | B21: 45104 | F21: by hand from boat; furthest from dock side | R21: =DUCCEM_full_SPM!K21 -> 41 | S21: 0.5 | T21: 1.22 | U21: -31.56
A22: Transect bottle #2 | B22: 45104 | F22: by hand from boat; middle river | R22: =DUCCEM_full_SPM!K22 -> 42 | S22: 0.53 | T22: 1.26 | U22: -29.18
A23: Transect bottle #3 | B23: 45104 | F23: by hand from boat; near dock side | R23: =DUCCEM_full_SPM!K23 -> 45.5 | S23: 0.58 | T23: 1.28 | U23: -29.6
A24: blank 3 | B24: 45106 | H24: Lance Gray
A25: 14 | B25: 45111 | C25: 0.42291667 | D25: 68.3381 | E25: -133.7058 | F25: from dock off of upriver side | G25: no wind_ steady flowing river_ murky_ a few minnows near dock | H25: Lance Gray | I25: 20.09 | J25: 287 | K25: 262.47 | N25: -19.25 | O25: -154.5 | P25: -0.6 | R25: =DUCCEM_full_SPM!K25 -> 25.5 | S25: 0.56 | T25: 2.21 | U25: -30.4 | V25: =DUCCEM_full_CDOM!BM25:BM139 -> 36.14126 | W25: 1.387465 | X25: =DUCCEM_full_CDOM!WN25 -> 0.01855 | Y25: =DUCCEM_full_CDOM!WO25 -> 0.01813 | Z25: =DUCCEM_full_CDOM!WP25 -> 1.0232 | AA25: =(V25/2.303)/AB25 -> 2.977822 | AB25: 5.27 | AC25: 0.22 | AD25: < 20 | AE25: 50 | AF25: 30.5 | AG25: < 20 | AH25: 0.86 | AI25: 9.59 | AJ25: < 20 | AK25: 7.89 | AL25: < 0.10 | AM25: 1.47 | AN25: 198 | AO25: < 25 | AP25: < 20 | AQ25: < 20 | AR25: < 20 | AS25: < 20 | AT25: < 20 | AU25: < 20 | AV25: 0.09 | AW25: 7.39 | AX25: 41.1 | AY25: < 0.05 | AZ25: < 0.10 | BA25: < 0.10
A26: 15 | B26: 45118 | C26: 0.56597222 | D26: 68.3381 | E26: -133.7058 | F26: from dock_ up river side | G26: slight up river breeze; murky water; some bits of debris floating | H26: Lance Gray | I26: 21.87 | J26: 305 | K26: 282.2 | N26: -19.18 | O26: -153.4 | P26: 0 | R26: =DUCCEM_full_SPM!K26 -> 40.5 | S26: 0.72 | T26: 1.77 | U26: -29.07 | V26: =DUCCEM_full_CDOM!BM26:BM140 -> 28.26403 | W26: 1.103644 | X26: =DUCCEM_full_CDOM!WN26 -> 0.019 | Y26: =DUCCEM_full_CDOM!WO26 -> 0.01788 | Z26: =DUCCEM_full_CDOM!WP26 -> 1.0626 | AA26: =(V26/2.303)/AB26 -> 2.8474944 | AB26: 4.31 | AC26: 0.24 | AD26: 20 | AE26: 55 | AF26: 32.9 | AG26: < 20 | AH26: 0.85 | AI26: 10.4 | AJ26: < 20 | AK26: 8.11 | AL26: < 0.10 | AM26: 1.64 | AN26: 224 | AO26: < 25 | AP26: < 20 | AQ26: < 20 | AR26: < 20 | AS26: < 20 | AT26: < 20 | AU26: < 20 | AV26: 0.09 | AW26: 9.77 | AX26: 47.1 | AY26: < 0.05 | AZ26: 0.14 | BA26: < 0.10 | BB26: 1.532 | BC26: 0.051 | BD26: 0.1 | BE26: 55.491 | BF26: 0.022
A27: 16 | B27: 45125 | C27: 0.45486111 | D27: 68.3381 | E27: -133.7058 | F27: from dock | G27: light breeze blowing up river; small waves moving up river; murky water | H27: Lance Gray | I27: 20.95 | J27: 279 | K27: 257.46 | N27: -19.06 | O27: -155 | P27: -2.5 | R27: =DUCCEM_full_SPM!K27 -> 30.5 | S27: 0.47 | T27: 1.55 | U27: -30.44 | V27: =DUCCEM_full_CDOM!BM27:BM141 -> 40.43151 | W27: 1.468531 | X27: =DUCCEM_full_CDOM!WN27 -> 0.019 | Y27: =DUCCEM_full_CDOM!WO27 -> 0.01839 | Z27: =DUCCEM_full_CDOM!WP27 -> 1.0332 | AA27: =(V27/2.303)/AB27 -> 2.89226 | AB27: 6.07 | AC27: 0.28 | AD27: < 20 | AE27: 51 | AF27: 30.1 | AG27: < 20 | AH27: 0.87 | AI27: 9.84 | AJ27: < 20 | AK27: 8.04 | AL27: < 0.10 | AM27: 1.23 | AN27: 205 | AO27: < 25 | AP27: < 20 | AQ27: < 20 | AR27: < 20 | AS27: < 20 | AT27: < 20 | AU27: < 20 | AV27: 0.09 | AW27: 7.67 | AX27: 39 | AY27: < 0.05 | AZ27: < 0.10 | BA27: < 0.10 | BB27: 1.663 | BC27: 0.046 | BD27: 0.083 | BE27: 41.68 | BF27: 0.043
A28: 17 | B28: 45132 | C28: 0.40972222 | D28: 68.3381 | E28: -133.7058 | F28: from dock | G28: very light down river breeze (wind from up river to down river); foam/film settled near dock (photo in WhatsApp); low water | H28: Lance Gray | I28: 21.76 | J28: 283 | K28: 258.77 | N28: -18.97 | O28: -154.3 | P28: -2.6 | R28: =AVERAGE(R29:R31) -> 19.5 | V28: =DUCCEM_full_CDOM!BM28:BM142 -> 36.02477 | W28: 1.247719 | X28: =DUCCEM_full_CDOM!WN28 -> 0.0197 | Y28: =DUCCEM_full_CDOM!WO28 -> 0.01843 | Z28: =DUCCEM_full_CDOM!WP28 -> 1.0689 | AA28: =(V28/2.303)/AB28 -> 2.8389365 | AB28: 5.51 | AC28: 0.31 | AD28: < 20 | AE28: 50 | AF28: 29.7 | AG28: < 20 | AH28: 0.85 | AI28: 10.1 | AJ28: < 20 | AK28: 8.33 | AL28: < 0.10 | AM28: 1.26 | AN28: 203 | AO28: < 25 | AP28: < 20 | AQ28: < 20 | AR28: < 20 | AS28: < 20 | AT28: < 20 | AU28: < 20 | AV28: 0.08 | AW28: 8.13 | AX28: 40.9 | AY28: < 0.05 | AZ28: < 0.10 | BA28: < 0.10 | BB28: 0.965 | BC28: 0.046 | BD28: 0.085 | BE28: 42.786 | BF28: 0.012
A29: Transect bottle #1 | B29: 45132 | F29: by hand from boat; closest to dock | R29: =DUCCEM_full_SPM!K29 -> 17.5 | S29: 0.3 | T29: 1.74 | U29: -30.82
A30: Transect bottle #2 | B30: 45132 | F30: by hand from boat; mid river | R30: =DUCCEM_full_SPM!K30 -> 21 | S30: 0.3 | T30: 1.44 | U30: -31.21
A31: Transect bottle #3 | B31: 45132 | F31: by hand from boat; furthest from dock | R31: =DUCCEM_full_SPM!K31 -> 20 | S31: 0.3 | T31: 1.5 | U31: -30.46
A32: blank 4 | B32: 45132
A33: 18 | B33: 45139 | C33: 0.40972222 | D33: 68.3381 | E33: -133.7058 | F33: from dock | G33: calm_ fog/smoke_ light sheen on water_ low water | H33: Lance Gray_ Paul Overduin | I33: 22.25 | J33: 305 | K33: 260.47 | N33: -18.92 | O33: -152.7 | P33: -1.3 | R33: =DUCCEM_full_SPM!K33 -> 14 | S33: 0.37 | T33: 2.66 | U33: -31.15 | V33: =DUCCEM_full_CDOM!BM33:BM147 -> 25.74146 | W33: 0.92401 | X33: =DUCCEM_full_CDOM!WN33 -> 0.02016 | Y33: =DUCCEM_full_CDOM!WO33 -> 0.01806 | Z33: =DUCCEM_full_CDOM!WP33 -> 1.1163 | AA33: =(V33/2.303)/AB33 -> 2.6486635 | AB33: 4.22 | AC33: 0.23 | AD33: 20 | AE33: 43 | AF33: 28.9 | AG33: < 20 | AH33: 0.87 | AI33: 10.9 | AJ33: < 20 | AK33: 8.33 | AL33: < 0.10 | AM33: 1.46 | AN33: 209 | AO33: < 25 | AP33: < 20 | AQ33: < 20 | AR33: < 20 | AS33: < 20 | AT33: < 20 | AU33: < 20 | AV33: 0.09 | AW33: 8.1 | AX33: 45.6 | AY33: < 0.05 | AZ33: < 0.10 | BA33: < 0.10
A34: Discharge 1.1 | B34: 45140 | C34: 0.68888889 | M34: 92.723 | R34: =DUCCEM_full_SPM!K34 -> 0
A35: Discharge 1.2 | B35: 45140 | C35: 0.69722222 | M35: 92.344 | R35: =DUCCEM_full_SPM!K35 -> 0
A36: 19 | B36: 45146 | C36: 0.4375 | D36: 68.3381 | E36: -133.7058 | F36: from dock | G36: no wind_ very smokey_ thin sediment layer on water (ash?)_ low water | H36: Lance Gray | I36: 19.97 | J36: 319 | K36: 281.5 | N36: -18.88 | O36: -151.8 | P36: -0.7 | R36: =DUCCEM_full_SPM!K36 -> 16.5 | S36: 0.46 | T36: 2.79 | U36: -30.96 | V36: =DUCCEM_full_CDOM!BM36:BM150 -> 20.95624 | W36: 0.84253 | X36: =DUCCEM_full_CDOM!WN36 -> 0.02001 | Y36: =DUCCEM_full_CDOM!WO36 -> 0.01737 | Z36: =DUCCEM_full_CDOM!WP36 -> 1.152 | AA36: =(V36/2.303)/AB36 -> 2.2579503 | AB36: 4.03 | AC36: 0.35 | AD36: 20 | AE36: 48 | AF36: 32.2 | AG36: < 20 | AH36: 0.89 | AI36: 11.3 | AJ36: < 20 | AK36: 8.93 | AL36: < 0.10 | AM36: 1.67 | AN36: 234 | AO36: < 25 | AP36: < 20 | AQ36: < 20 | AR36: < 20 | AS36: < 20 | AT36: < 20 | AU36: < 20 | AV36: 0.09 | AW36: 8.58 | AX36: 48.9 | AY36: < 0.05 | AZ36: < 0.10 | BA36: < 0.10 | BB36: 0.523 | BC36: 0.035 | BD36: 0.1 | BE36: 55.89 | BF36: 0.112
A37: Discharge 2.1 | B37: 45149 | C37: 0.63472222 | M37: 96.734 | R37: =DUCCEM_full_SPM!K37 -> 0
A38: Discharge 2.2 | B38: 45149 | C38: 0.6375 | M38: 93.622 | R38: =DUCCEM_full_SPM!K38 -> 0
A39: Discharge 2.3 | B39: 45149 | C39: 0.65416667 | M39: 96.657 | R39: =DUCCEM_full_SPM!K39 -> 0
A40: Discharge 2.4 | B40: 45149 | C40: 0.65833333 | M40: 101.133 | R40: =DUCCEM_full_SPM!K40 -> 0
A41: Discharge 2.5 | B41: 45149 | C41: 0.6625 | M41: 96.929 | R41: =DUCCEM_full_SPM!K41 -> 0
A42: Discharge 2.6 | B42: 45149 | C42: 0.66458333 | M42: 92.641 | R42: =DUCCEM_full_SPM!K42 -> 0
A43: 20 | B43: 45155 | C43: 0.42152778 | D43: 68.3381 | E43: -133.7058 | F43: from dock | G43: wind from East_ light-moderate; low water | H43: Lance Gray_ Edwin Amos | I43: 15.63 | J43: 322 | K43: 252.16 | L43: 8.66 | N43: -18.87 | O43: -151.2 | P43: -0.2 | R43: 31 | S43: 0.12 | T43: 0.99 | U43: -31.15 | V43: =DUCCEM_full_CDOM!BM43:BM157 -> 23.142276 | W43: 0.687657376 | X43: =DUCCEM_full_CDOM!WN43 -> 0.02007 | Y43: =DUCCEM_full_CDOM!WO43 -> 0.02159 | Z43: =DUCCEM_full_CDOM!WP43 -> 0.9296 | AA43: =(V43/2.303)/AB43 -> 2.3982702 | AB43: 4.19 | AC43: 0.27 | AD43: < 20 | AE43: 34 | AF43: 23.6 | AG43: < 20 | AH43: 0.83 | AI43: 11.1 | AJ43: < 20 | AK43: 8.5 | AL43: < 0.10 | AM43: 1.52 | AN43: 184 | AO43: < 25 | AP43: < 20 | AQ43: < 20 | AR43: < 20 | AS43: < 20 | AT43: < 20 | AU43: < 20 | AV43: 0.067 | AW43: 7.59 | AX43: 51.2 | AY43: < 0.05 | AZ43: 0.41
A44: 21 | B44: 45160 | C44: 0.57361111 | D44: 68.3381 | E44: -133.7058 | F44: from dock | G44: calm wind_ sunny_ low water | H44: Edwin Amos_ Greg Elias_ Lance Gray | I44: 16.22 | J44: 328 | K44: 250.96 | L44: 8.94 | N44: -18.85 | O44: -151.5 | P44: -0.7 | R44: 22.517 | S44: 0.23 | T44: 1.36 | U44: -30.25 | V44: =DUCCEM_full_CDOM!BM44:BM158 -> 25.178759 | W44: 0.853597738 | X44: =DUCCEM_full_CDOM!WN44 -> 0.01935 | Y44: =DUCCEM_full_CDOM!WO44 -> 0.02124 | Z44: =DUCCEM_full_CDOM!WP44 -> 0.911 | AA44: =(V44/2.303)/AB44 -> 2.5075748 | AB44: 4.36 | AC44: 0.33 | AD44: < 20 | AE44: 31 | AF44: 22.7 | AG44: < 20 | AH44: 0.85 | AI44: 10.7 | AJ44: < 20 | AK44: 8.39 | AL44: < 0.10 | AM44: 1.61 | AN44: 176 | AO44: < 25 | AP44: < 20 | AQ44: < 20 | AR44: < 20 | AS44: < 20 | AT44: < 20 | AU44: < 20 | AV44: 0.06 | AW44: 7.78 | AX44: 52.3 | AY44: < 0.05 | AZ44: 0.38
A45: blank 5 | B45: 45162 | R45: -0.1
A46: Transect bottle #1 | B46: 45162 | R46: 21.25 | S46: 0.39 | T46: 1.83 | U46: -29.84
A47: Transect bottle #2 | B47: 45162 | R47: 20.5 | S47: 0.4 | T47: 1.46 | U47: -30.68
A48: Transect bottle #3 | B48: 45162 | R48: 23.5 | S48: 0.36 | T48: 1.52 | U48: -30.52
A49: 22 | B49: 45174 | C49: 0.56597222 | F49: from dock | G49: windy_ low water | H49: Edwin Amos_ Greg Elias | I49: 12.27 | J49: 325 | K49: 247.15 | L49: 8.87 | N49: -18.73 | O49: -149.9 | P49: -0.1 | R49: 19.25 | S49: 0.31 | T49: 1.59 | U49: -31.14 | V49: =DUCCEM_full_CDOM!BM49:BM163 -> 37.166406 | W49: 1.326198671 | X49: =DUCCEM_full_CDOM!WN49 -> 0.01853 | Y49: =DUCCEM_full_CDOM!WO49 -> 0.01849 | Z49: =DUCCEM_full_CDOM!WP49 -> 1.0022 | AA49: =(V49/2.303)/AB49 -> 2.9130428 | AB49: 5.54 | AC49: 0.33 | AD49: < 20 | AE49: 31 | AF49: 22 | AG49: < 20 | AH49: 0.85 | AI49: 10.7 | AJ49: < 20 | AK49: 8.48 | AL49: < 0.10 | AM49: 1.44 | AN49: 163 | AO49: < 25 | AP49: < 20 | AQ49: < 20 | AR49: < 20 | AS49: < 20 | AT49: < 20 | AU49: < 20 | AV49: 0.06 | AW49: 7.85 | AX49: 52.3 | AY49: < 0.05 | AZ49: < 0.30
A50: 23 | B50: 45187 | C50: 0.62152778 | F50: from shoreline | G50: air temp 9°C_ mostly cloudy_ wind 9km/h_ low water | H50: Greg Elias_ Ryan McLeod | I50: 11.6 | J50: 332 | K50: 269.18 | L50: 8.66 | N50: -18.56 | O50: -150.4 | P50: -1.9 | R50: 5.75 | S50: 0.17 | T50: 2.98 | U50: -29.95 | V50: =DUCCEM_full_CDOM!BM50:BM164 -> 27.26147 | W50: 0.814278619 | X50: =DUCCEM_full_CDOM!WN50 -> 0.02025 | Y50: =DUCCEM_full_CDOM!WO50 -> 0.01943 | Z50: =DUCCEM_full_CDOM!WP50 -> 1.0422 | AA50: =(V50/2.303)/AB50 -> 2.3865671 | AB50: 4.96 | AC50: 0.3 | AD50: < 20 | AE50: 33 | AF50: 25 | AG50: < 20 | AH50: 0.88 | AI50: 11.1 | AJ50: < 20 | AK50: 8.72 | AL50: < 0.10 | AM50: 1.39 | AN50: 183 | AO50: < 25 | AP50: < 20 | AQ50: < 20 | AR50: < 20 | AS50: < 20 | AT50: < 20 | AU50: < 20 | AV50: 0.06 | AW50: 8.84 | AX50: 53.7 | AY50: < 0.05 | AZ50: < 0.30 | BB50: 0.91 | BC50: 0.035 | BD50: 0.1 | BE50: 49.532 | BF50: 0.153
A51: 24 | B51: 45195 | C51: 0.43055556 | F51: low water_ from shoreline (location of Moe's dock) | G51: calm_ mostly cloudy_ 2°C | H51: Greg Elias | I51: 8.22 | J51: 317 | K51: 247.15 | L51: 9.24 | N51: -18.47 | O51: -150.6 | P51: -2.8 | R51: 13.5 | S51: 0.34 | T51: 2.52 | U51: -32.22 | V51: =DUCCEM_full_CDOM!BM51:BM165 -> 40.439918 | W51: 1.555190567 | X51: =DUCCEM_full_CDOM!WN51 -> 0.01803 | Y51: =DUCCEM_full_CDOM!WO51 -> 0.01751 | Z51: =DUCCEM_full_CDOM!WP51 -> 1.0297 | AA51: =(V51/2.303)/AB51 -> 3.0067926 | AB51: 5.84 | AC51: 0.27 | AD51: < 20 | AE51: 30 | AF51: 21.8 | AG51: < 20 | AH51: 0.9 | AI51: 10.5 | AJ51: < 20 | AK51: 9.46 | AL51: < 0.10 | AM51: 1.29 | AN51: 169 | AO51: < 25 | AP51: < 20 | AQ51: < 20 | AR51: < 20 | AS51: < 20 | AT51: < 20 | AU51: < 20 | AV51: 0.06 | AW51: 8.72 | AX51: 50.2 | AY51: < 0.05 | AZ51: < 0.30
A52: 25 | B52: 45209 | C52: 0.43055556 | F52: shoreline | G52: snowing_ calm_ -2°C_ ice fog | H52: Greg Elias | I52: 1.98 | J52: 342 | K52: 225.02 | L52: 9.14 | N52: -18.41 | O52: -150.4 | P52: -3.1 | R52: 10.75 | S52: 0.34 | T52: 3.16 | U52: -32.39 | V52: =DUCCEM_full_CDOM!BM52:BM166 -> 62.28765 | W52: 2.403846067 | X52: =DUCCEM_full_CDOM!WN52 -> 0.01785 | Y52: =DUCCEM_full_CDOM!WO52 -> 0.01917 | Z52: =DUCCEM_full_CDOM!WP52 -> 0.9311 | AA52: =(V52/2.303)/AB52 -> 3.3765679 | AB52: 8.01 | AC52: 0.35 | AD52: < 20 | AE52: 28 | AF52: 19.3 | AG52: < 20 | AH52: 0.93 | AI52: 9.62 | AJ52: < 20 | AK52: 9.23 | AL52: < 0.10 | AM52: 1.27 | AN52: 143 | AO52: < 25 | AP52: < 20 | AQ52: < 20 | AR52: < 20 | AS52: < 20 | AT52: < 20 | AU52: < 20 | AV52: 0.06 | AW52: 8.64 | AX52: 44.2 | AY52: < 0.05 | AZ52: < 0.30
A53: 26 | B53: 45266 | C53: 0.4375 | F53: ice 29 cm_ Carn Road dock location | G53: water was clear | H53: Greg Elias | I53: 0.16 | J53: 322 | K53: 247.75 | L53: 8.74 | N53: -18.66 | O53: -152 | P53: -2.7 | Q53: 29 | R53: 3.75 | S53: 0.17 | T53: 4.42 | U53: -38.29 | V53: =DUCCEM_full_CDOM!BM53:BM167 -> 43.957458 | W53: 1.452690946 | X53: =DUCCEM_full_CDOM!WN53 -> 0.01917 | Y53: =DUCCEM_full_CDOM!WO53 -> 0.01996 | Z53: =DUCCEM_full_CDOM!WP53 -> 0.9604 | AA53: =(V53/2.303)/AB53 -> 2.9546505 | AB53: 6.46 | AC53: 0.31 | AD53: < 20 | AE53: 34 | AF53: 23.4 | AG53: < 20 | AH53: 1 | AI53: 10.1 | AJ53: < 20 | AK53: 9.8 | AL53: < 0.10 | AM53: 1.45 | AN53: 163 | AO53: < 25 | AP53: < 20 | AQ53: < 20 | AR53: < 20 | AS53: < 20 | AT53: < 20 | AU53: < 20 | AV53: 0.07 | AW53: 9.37 | AX53: 43.3 | AY53: < 0.05 | AZ53: 0.34
A54: 27 | B54: 45271 | C54: 0.4375 | F54: ice 29 cm_ air temp -20 | G54: ice thickness hasn't changed from last sampling day Dec 6 | H54: Greg Elias | I54: 0.13 | J54: 324 | K54: 256.66 | L54: 8.48 | N54: -18.81 | O54: -152.3 | P54: -1.8 | Q54: 29 | R54: 4 | S54: 0.21 | T54: 5.16 | U54: -35.94 | V54: =DUCCEM_full_CDOM!BM54:BM168 -> 44.986233 | W54: 1.473489339 | X54: =DUCCEM_full_CDOM!WN54 -> 0.01957 | Y54: =DUCCEM_full_CDOM!WO54 -> 0.01905 | Z54: =DUCCEM_full_CDOM!WP54 -> 1.0273 | AA54: =(V54/2.303)/AB54 -> 3.2127883 | AB54: 6.08 | AC54: 0.29 | AD54: < 20 | AE54: 36 | AF54: 24.3 | AG54: < 20 | AH54: 1.03 | AI54: 10.3 | AJ54: < 20 | AK54: 9.34 | AL54: < 0.10 | AM54: 1.48 | AN54: 167 | AO54: < 25 | AP54: < 20 | AQ54: < 20 | AR54: < 20 | AS54: < 20 | AT54: < 20 | AU54: < 20 | AV54: 0.07 | AW54: 9.65 | AX54: 44 | AY54: < 0.05 | AZ54: 0.35 | BB54: 3.499 | BC54: 0.049 | BD54: 0.1 | BE54: 48.07 | BF54: 0.49
A55: 28 | B55: 45278 | C55: 0.45833333 | F55: ice 43 cm | G55: clear samples_ lots of snow from last sampling date | H55: Greg Elias | I55: 0.11 | J55: 331 | K55: 249.15 | L55: 8.38 | N55: -18.75 | O55: -152.2 | P55: -2.2 | Q55: 43 | R55: 1 | S55: 0.21 | T55: 10.33 | U55: -39.6 | V55: =DUCCEM_full_CDOM!BM55:BM169 -> 41.520921 | W55: 1.411596214 | X55: =DUCCEM_full_CDOM!WN55 -> 0.0192 | Y55: =DUCCEM_full_CDOM!WO55 -> 0.01857 | Z55: =DUCCEM_full_CDOM!WP55 -> 1.0339 | AA55: =(V55/2.303)/AB55 -> 2.7399784 | AB55: 6.58 | AC55: 0.36 | AD55: < 20 | AE55: 30 | AF55: 21.9 | AG55: < 20 | AH55: 0.99 | AI55: 10.2 | AJ55: < 20 | AK55: 9.31 | AL55: < 0.10 | AM55: 1.42 | AN55: 155 | AO55: < 25 | AP55: < 20 | AQ55: < 20 | AR55: < 20 | AS55: < 20 | AT55: < 20 | AU55: < 20 | AV55: 0.06 | AW55: 10 | AX55: 44.1 | AY55: < 0.05 | AZ55: 0.36 | BB55: 3.843 | BC55: 0.049 | BD55: 0.1 | BE55: 50.083 | BF55: 0.46
A56: 29 | B56: 45314 | C56: 0.60416667 | F56: ice 59 cm_ air temp -27 | G56: lots of snow_ clear water samples | H56: Greg Elias | I56: 0.11 | J56: 399 | K56: 297.12 | L56: 8.1 | N56: -18.61 | O56: -151.6 | P56: -2.8 | Q56: 59 | R56: 1.5 | S56: 0.16 | T56: 10.77 | U56: -39.08 | V56: =DUCCEM_full_CDOM!BM56:BM170 -> 32.397347 | W56: 1.002574202 | X56: =DUCCEM_full_CDOM!WN56 -> 0.02046 | Y56: =DUCCEM_full_CDOM!WO56 -> 0.01923 | Z56: =DUCCEM_full_CDOM!WP56 -> 1.064 | AA56: =(V56/2.303)/AB56 -> 2.6002688 | AB56: 5.41 | AC56: 0.34 | AD56: < 20 | AE56: 33 | AF56: 25.4 | AG56: < 20 | AH56: 1.07 | AI56: 12 | AJ56: < 20 | AK56: 11.7 | AL56: < 0.10 | AM56: 1.76 | AN56: 196 | AO56: < 25 | AP56: < 20 | AQ56: < 20 | AR56: < 20 | AS56: < 20 | AT56: < 20 | AU56: < 20 | AV56: 0.06 | AW56: 13.3 | AX56: 52.5 | AY56: < 0.05 | AZ56: 0.49 | BB56: 6.627 | BC56: 0.051 | BD56: 0.063 | BE56: 62.274 | BF56: 0.505
A57: 30 | B57: 45321 | C57: 0.45138889 | F57: from ice. 71 cm._ air temp -16 | G57: water depth 2.2 m_ clear water samples | H57: Greg Elias | I57: 0.1 | J57: 405 | K57: 291.51 | L57: 8.01 | N57: -18.62 | O57: -151.9 | P57: -2.9 | Q57: 71 | R57: 1.5 | S57: 0.14 | T57: 9.34 | U57: -39.83 | V57: =DUCCEM_full_CDOM!BM57:BM171 -> 33.292115 | W57: 0.961679831 | X57: =DUCCEM_full_CDOM!WN57 -> 0.02059 | Y57: =DUCCEM_full_CDOM!WO57 -> 0.02025 | Z57: =DUCCEM_full_CDOM!WP57 -> 1.0168 | AA57: =(V57/2.303)/AB57 -> 2.4838448 | AB57: 5.82 | AC57: 0.37 | AD57: < 20 | AE57: 28 | AF57: 22.8 | AG57: < 20 | AH57: 1.08 | AI57: 12.1 | AJ57: < 20 | AK57: 12.1 | AL57: < 0.10 | AM57: 1.8 | AN57: 185 | AO57: < 25 | AP57: < 20 | AQ57: < 20 | AR57: < 20 | AS57: < 20 | AT57: < 20 | AU57: < 20 | AV57: 0.06 | AW57: 13.8 | AX57: 53.2 | AY57: 0.06 | AZ57: 0.5 | BB57: 7.167 | BC57: 0.05 | BD57: 0.072 | BE57: 62.011 | BF57: 0.348
A58: 31 | B58: 45335 | C58: 0.41666667 | F58: ice 84 cm | G58: Castaway CTD did not work_ air temp -21°C | H58: Greg Elias | I58: -0.5 | K58: 307.23 | L58: 8.72 | N58: -18.8 | O58: -152 | P58: -1.7 | Q58: 84 | R58: 1 | S58: 0.13 | T58: 14.8 | U58: -36.67 | V58: =DUCCEM_full_CDOM!BM58:BM172 -> 28.694321 | W58: 0.85542632 | X58: =DUCCEM_full_CDOM!WN58 -> 0.02045 | Y58: =DUCCEM_full_CDOM!WO58 -> 0.0193 | Z58: =DUCCEM_full_CDOM!WP58 -> 1.0596 | AA58: =(V58/2.303)/AB58 -> 2.3642391 | AB58: 5.27 | AC58: 0.35 | AD58: < 20 | AE58: 31 | AF58: 24.5 | AG58: < 20 | AH58: 1.13 | AI58: 12.6 | AJ58: < 20 | AK58: 13.5 | AL58: < 0.10 | AM58: 1.91 | AN58: 208 | AO58: < 25 | AP58: < 20 | AQ58: < 20 | AR58: < 20 | AS58: < 20 | AT58: < 20 | AU58: < 20 | AV58: 0.06 | AW58: 16.2 | AX58: 58.2 | AY58: 0.06 | AZ58: 0.57
A59: 32 | B59: 45352 | C59: 0.45833333 | F59: ice 90 cm | G59: air temp -29°C | H59: Greg Elias_ Ryan McLeod | I59: 0 | K59: 343.29 | L59: 8.26 | N59: -18.94 | O59: -154 | P59: -2.5 | Q59: 90 | R59: 0.5 | S59: 0.13 | T59: 25.59 | U59: -34.92 | V59: =DUCCEM_full_CDOM!BM59:BM173 -> 24.376378 | W59: 0.657642377 | X59: =DUCCEM_full_CDOM!WN59 -> 0.02153 | Y59: =DUCCEM_full_CDOM!WO59 -> 0.02214 | Z59: =DUCCEM_full_CDOM!WP59 -> 0.9724 | AA59: =(V59/2.303)/AB59 -> 2.5443796 | AB59: 4.16 | AC59: 0.35 | AD59: < 20 | AE59: 36 | AF59: 31.2 | AG59: < 20 | AH59: 1.15 | AI59: 13.3 | AJ59: < 20 | AK59: 14.4 | AL59: < 0.10 | AM59: 2.07 | AN59: 262 | AO59: < 25 | AP59: < 20 | AQ59: < 20 | AR59: < 20 | AS59: < 20 | AT59: < 20 | AU59: < 20 | AV59: 0.07 | AW59: 17.1 | AX59: 60.5 | AY59: < 0.05 | AZ59: 0.73
A60: 33 | B60: 45362 | C60: 0.625 | F60: ice 95 cm | G60: air temp -29°C_ windchill -41°C_ | H60: Greg Elias | I60: 0.5 | K60: 370.72 | L60: 8.13 | N60: -19.12 | O60: -155.3 | P60: -2.4 | Q60: 95 | R60: 2 | S60: 0.13 | T60: 6.41 | U60: -33.8 | V60: =DUCCEM_full_CDOM!BM60:BM174 -> 25.672752 | W60: 0.681333338 | X60: =DUCCEM_full_CDOM!WN60 -> 0.02155 | Y60: =DUCCEM_full_CDOM!WO60 -> 0.01918 | Z60: =DUCCEM_full_CDOM!WP60 -> 1.1236 | AA60: =(V60/2.303)/AB60 -> 2.4717353 | AB60: 4.51 | AC60: 0.4 | AD60: < 20 | AE60: 40 | AF60: 35.3 | AG60: < 20 | AH60: 1.23 | AI60: 14.4 | AJ60: < 20 | AK60: 15 | AL60: < 0.10 | AM60: 2.2 | AN60: 294 | AO60: < 25 | AP60: < 20 | AQ60: < 20 | AR60: < 20 | AS60: < 20 | AT60: < 20 | AU60: < 20 | AV60: 0.08 | AW60: 17.4 | AX60: 64.8 | AY60: 0.05 | AZ60: 0.78 | BB60: 12.384 | BC60: 0.092 | BD60: 0.1 | BE60: 75.752 | BF60: 0.461
A61: 34 | B61: 45378 | C61: 0.38194444 | F61: ice 98 cm | G61: clear water samples_ air temp -13 | H61: Greg Elias | I61: 0.22 | J61: 432 | K61: 314.14 | L61: 8.65 | N61: -18.9 | O61: -153.2 | P61: -2 | Q61: 98 | R61: 1.25 | S61: 0.09 | T61: 7.43 | U61: -36.93 | V61: =DUCCEM_full_CDOM!BM61:BM175 -> 27.770205 | W61: 0.771675422 | X61: =DUCCEM_full_CDOM!WN61 -> 0.02121 | Y61: =DUCCEM_full_CDOM!WO61 -> 0.02066 | Z61: =DUCCEM_full_CDOM!WP61 -> 1.0266 | AA61: =(V61/2.303)/AB61 -> 2.3690126 | AB61: 5.09 | AC61: 0.41 | AD61: < 20 | AE61: 31 | AF61: 26.3 | AG61: < 20 | AH61: 1.15 | AI61: 13.2 | AJ61: < 20 | AK61: 13.5 | AL61: < 0.10 | AM61: 2.05 | AN61: 224 | AO61: < 25 | AP61: < 20 | AQ61: < 20 | AR61: < 20 | AS61: < 20 | AT61: < 20 | AU61: < 20 | AV61: 0.07 | AW61: 15.6 | AX61: 55.9 | AY61: < 0.05 | AZ61: 0.69 | BB61: 10.341 | BC61: 0.049 | BD61: 0.1 | BE61: 65.931 | BF61: 0.35
A62: 35 | B62: 45400 | C62: 0.61805556 | F62: ice: 102 cm | G62: clear water samples_ air temp 7 | H62: Greg Elias_ Ryan McLeod | I62: 0.12 | J62: 419 | K62: 317.15 | L62: 8.47 | N62: -18.79 | O62: -153.1 | P62: -2.8 | Q62: 102 | R62: 0.75 | S62: 0.02 | T62: 2.57 | U62: -38.13 | V62: =DUCCEM_full_CDOM!BM62:BM176 -> 28.080205 | W62: 0.808032883 | X62: =DUCCEM_full_CDOM!WN62 -> 0.02099 | Y62: =DUCCEM_full_CDOM!WO62 -> 0.02126 | Z62: =DUCCEM_full_CDOM!WP62 -> 0.9873 | AA62: =(V62/2.303)/AB62 -> 2.5454866 | AB62: 4.79 | AC62: 0.39 | AD62: < 20 | AE62: 33 | AF62: 29.1 | AG62: < 20 | AH62: 1.12 | AI62: 12.5 | AJ62: < 20 | AK62: 12.6 | AL62: < 0.10 | AM62: 2.03 | AN62: 235 | AO62: < 25 | AP62: < 20 | AQ62: < 20 | AR62: < 20 | AS62: < 20 | AT62: < 20 | AU62: < 20 | AV62: 0.07 | AW62: 14.4 | AX62: 54 | AY62: < 0.05 | AZ62: 0.74
A63: 36 | B63: 45413 | C63: 0.59375 | F63: ice 110 cm | G63: air temp -11 | H63: Greg Elias_ Ryan McLeod_ Lance Gray | I63: 0.08 | J63: 422 | K63: 302.53 | L63: 8.56 | N63: -18.78 | O63: -153.1 | P63: -2.9 | Q63: 110 | R63: 1.75 | S63: 0.09 | T63: 5.25 | U63: -29.43 | V63: =DUCCEM_full_CDOM!BM63:BM177 -> 27.760915 | W63: 0.80241126 | X63: =DUCCEM_full_CDOM!WN63 -> 0.02149 | Y63: =DUCCEM_full_CDOM!WO63 -> 0.01917 | Z63: =DUCCEM_full_CDOM!WP63 -> 1.121 | AA63: =(V63/2.303)/AB63 -> 2.4585437 | AB63: 4.903 | AC63: 0.297 | AD63: < 20 | AE63: 33 | AF63: 24 | AG63: < 20 | AH63: 1.24 | AI63: 13.3 | AJ63: < 20 | AK63: 13.4 | AL63: < 0.10 | AM63: 1.94 | AN63: 197 | AO63: < 25 | AP63: < 20 | AQ63: < 20 | AR63: < 20 | AS63: < 20 | AT63: < 20 | AU63: < 20 | AV63: 0.08 | AW63: 15.3 | AX63: 53.8 | AY63: < 0.05 | AZ63: 0.82
A64: 37 | B64: 45419 | C64: 0.45138889 | F64: ice 102 cm | G64: air temp -6 | H64: Greg Elias | I64: 0.1 | J64: 420 | K64: 293.42 | L64: 8.67 | N64: -18.74 | O64: -151.8 | P64: -1.8 | Q64: 102 | R64: 1.5 | S64: 0.25 | T64: 16.45 | U64: -28.6 | V64: =DUCCEM_full_CDOM!BM64:BM178 -> 26.390353 | W64: 0.78767206 | X64: =DUCCEM_full_CDOM!WN64 -> 0.02161 | Y64: =DUCCEM_full_CDOM!WO64 -> 0.01916 | Z64: =DUCCEM_full_CDOM!WP64 -> 1.1279 | AA64: =(V64/2.303)/AB64 -> 2.4814032 | AB64: 4.618 | AC64: 0.281 | AD64: < 20 | AE64: 36 | AF64: 22.5 | AG64: < 20 | AH64: 1.22 | AI64: 13 | AJ64: < 20 | AK64: 13.5 | AL64: < 0.10 | AM64: 1.99 | AN64: 189 | AO64: < 25 | AP64: < 20 | AQ64: < 20 | AR64: < 20 | AS64: < 20 | AT64: < 20 | AU64: < 20 | AV64: 0.09 | AW64: 15.8 | AX64: 53.8 | AY64: < 0.05 | AZ64: 0.86
A65: 38 | B65: 45447 | C65: 0.45833333 | F65: shoreline_ lots of sediment in water | G65: air temp 5_ ice cleared Saturday June 1st_ very low water for spring break-up | H65: Greg Elias | I65: 4.52 | J65: 185 | K65: 178.25 | L65: 9.02 | N65: -21.34 | O65: -169.3 | P65: 1.4 | R65: 124.7368 | S65: -0.02 | T65: -0.02 | U65: -46.13 | V65: =DUCCEM_full_CDOM!BM65:BM179 -> 127.46732 | W65: 8.05331464 | X65: =DUCCEM_full_CDOM!WN65 -> 0.01422 | Y65: =DUCCEM_full_CDOM!WO65 -> 0.0164 | Z65: =DUCCEM_full_CDOM!WP65 -> 0.8671 | AA65: =(V65/2.303)/AB65 -> 4.0136606 | AB65: 13.79 | AC65: 0.381 | AD65: < 20 | AE65: 33 | AF65: 20.4 | AG65: 77 | AH65: 1.1 | AI65: 6.21 | AJ65: 64 | AK65: 6.72 | AL65: < 0.10 | AM65: 0.76 | AN65: 106 | AO65: < 25 | AP65: < 20 | AQ65: < 20 | AR65: < 20 | AS65: < 20 | AT65: < 20 | AU65: < 20 | AV65: 0.07 | AW65: 4.92 | AX65: 27.6 | AY65: < 0.05 | AZ65: 0.42
A66: 39 | B66: 45456 | C66: 0.41666667 | F66: shoreline | G66: air temp 4_ lots of sediment in water | H66: Greg Elias | I66: 10.87 | J66: 207 | K66: 190.87 | L66: 8.94 | N66: -20.65 | O66: -164.8 | P66: 0.4 | R66: 55.75758 | S66: -0.02 | T66: -0.04 | U66: -45.73 | V66: =DUCCEM_full_CDOM!BM66:BM180 -> 108.46803 | W66: 6.30073164 | X66: =DUCCEM_full_CDOM!WN66 -> 0.01465 | Y66: =DUCCEM_full_CDOM!WO66 -> 0.01686 | Z66: =DUCCEM_full_CDOM!WP66 -> 0.8689 | AA66: =(V66/2.303)/AB66 -> 3.5626763 | AB66: 13.22 | AC66: 0.42 | AD66: < 20 | AE66: 38 | AF66: 21.5 | AG66: 54 | AH66: 1.02 | AI66: 6.63 | AJ66: 36 | AK66: 6.71 | AL66: < 0.10 | AM66: 0.91 | AN66: 116 | AO66: < 25 | AP66: < 20 | AQ66: < 20 | AR66: < 20 | AS66: < 20 | AT66: < 20 | AU66: < 20 | AV66: 0.07 | AW66: 5.46 | AX66: 29.9 | AY66: < 0.05 | AZ66: 0.38
A67: 40 | B67: 45463 | C67: 0.60208333 | F67: from boat | G67: air temp 10_ lots of sediment | H67: Greg Elias_ Ryan McLeod | I67: 15.23 | J67: 253 | K67: 212.2 | L67: 8.87 | N67: -19.83 | O67: -158.8 | P67: -0.2 | R67: 29.39394 | V67: =DUCCEM_full_CDOM!BM67:BM181 -> 54.598879 | W67: 2.70031356 | X67: =DUCCEM_full_CDOM!WN67 -> 0.01631 | Y67: =DUCCEM_full_CDOM!WO67 -> 0.01719 | Z67: =DUCCEM_full_CDOM!WP67 -> 0.9488 | AA67: =(V67/2.303)/AB67 -> 3.5731304 | AB67: 6.635 | AC67: 0.277 | AD67: < 20 | AE67: 35 | AF67: 21.7 | AG67: < 20 | AH67: 0.95 | AI67: 8.62 | AJ67: < 20 | AK67: 6.94 | AL67: < 0.10 | AM67: 1.27 | AN67: 139 | AO67: < 25 | AP67: < 20 | AQ67: < 20 | AR67: < 20 | AS67: < 20 | AT67: < 20 | AU67: < 20 | AV67: 0.08 | AW67: 6.29 | AX67: 38.9 | AY67: < 0.05 | AZ67: 0.43
A68: Transect bottle #2 | B68: 45463 | R68: 28.82353
A69: Transect bottle #3 | B69: 45463 | R69: 29.41176
A70: 41 | B70: 45470 | C70: 0.41666667 | F70: from boat | G70: air temp 21_ water starting to clear_ less sediment | H70: Greg Elias_ Ryan McLeod | I70: 18.69 | J70: 266 | K70: 212.3 | L70: 8.82 | N70: -19.4 | O70: -156.9 | P70: -1.7 | R70: 20.4 | S70: 0.29 | T70: 1.4 | U70: -28.81 | V70: =DUCCEM_full_CDOM!BM70:BM184 -> 37.376124 | W70: 1.76653918 | X70: =DUCCEM_full_CDOM!WN70 -> 0.01725 | Y70: =DUCCEM_full_CDOM!WO70 -> 0.01707 | Z70: =DUCCEM_full_CDOM!WP70 -> 1.0105 | AA70: =(V70/2.303)/AB70 -> 3.3366201 | AB70: 4.864 | AC70: 0.218 | AD70: < 20 | AE70: 32 | AF70: 20.1 | AG70: < 20 | AH70: 0.9 | AI70: 9.72 | AJ70: < 20 | AK70: 6.68 | AL70: < 0.10 | AM70: 1.39 | AN70: 146 | AO70: < 25 | AP70: < 20 | AQ70: < 20 | AR70: < 20 | AS70: < 20 | AT70: < 20 | AU70: < 20 | AV70: 0.08 | AW70: 5.86 | AX70: 43.7 | AY70: < 0.05 | AZ70: 0.41
A71: Transect bottle #2 | B71: 45470 | R71: 20.4
A72: Transect bottle #3 | B72: 45470 | R72: 18.8
A73: 42 | B73: 45475 | C73: 0.44930556 | F73: Moe's dock | G73: air temp 7_ castaway did not work_ clear sample water | H73: Greg Elias | K73: 224.92 | N73: -19.32 | O73: -154.7 | P73: -0.1 | R73: 22.6 | S73: 0.17 | T73: 0.74 | U73: -30.13 | V73: =DUCCEM_full_CDOM!BM73:BM187 -> 22.670548 | W73: 0.8933337 | X73: =DUCCEM_full_CDOM!WN73 -> 0.01947 | Y73: =DUCCEM_full_CDOM!WO73 -> 0.01769 | Z73: =DUCCEM_full_CDOM!WP73 -> 1.1006 | AA73: =(V73/2.303)/AB73 -> 2.622947 | AB73: 3.753 | AC73: 0.192 | AD73: < 20 | AE73: 34 | AF73: 21.1 | AG73: < 20 | AH73: 0.85 | AI73: 10 | AJ73: < 20 | AK73: 6.95 | AL73: < 0.10 | AM73: 1.54 | AN73: 148 | AO73: < 25 | AP73: < 20 | AQ73: < 20 | AR73: < 20 | AS73: < 20 | AT73: < 20 | AU73: < 20 | AV73: 0.09 | AW73: 6 | AX73: 47.9 | AY73: < 0.05 | AZ73: 0.48
A74: 43 | B74: 45484 | C74: 0.36458333 | F74: from dock | G74: air temp 17 | H74: Greg Elias | I74: 16.09 | J74: 278 | K74: 232.33 | L74: 8.84 | N74: -19.54 | O74: -156.6 | P74: -0.2 | R74: 28.57143 | S74: -0.4 | T74: -1.39 | U74: -31.54 | V74: =DUCCEM_full_CDOM!BM74:BM188 -> 51.5872 | W74: 2.24114142 | X74: =DUCCEM_full_CDOM!WN74 -> 0.01682 | Y74: =DUCCEM_full_CDOM!WO74 -> 0.01783 | Z74: =DUCCEM_full_CDOM!WP74 -> 0.9434 | AA74: =(V74/2.303)/AB74 -> 3.8660683 | AB74: 5.794 | AC74: 0.253 | AD74: < 20 | AE74: 37 | AF74: 23.4 | AG74: < 20 | AH74: 0.91 | AI74: 9.48 | AJ74: < 20 | AK74: 7.79 | AL74: < 0.10 | AM74: 1.31 | AN74: 155 | AO74: < 25 | AP74: < 20 | AQ74: < 20 | AR74: < 20 | AS74: < 20 | AT74: < 20 | AU74: < 20 | AV74: 0.08 | AW74: 6.53 | AX74: 45.5 | AY74: < 0.05 | AZ74: 0.43
A75: 44 | B75: 45490 | C75: 0.375 | F75: from dock | G75: air temp 12_ water dropped | H75: Greg Elias_ Ryan McLeod | I75: 19.48 | J75: 282 | K75: 261.97 | L75: 8.98 | N75: -19.24 | O75: -155.2 | P75: -1.3 | R75: 20.43011 | S75: -0.26 | T75: -1.25 | U75: -29.42 | V75: =DUCCEM_full_CDOM!BM75:BM189 -> 40.206189 | W75: 1.47820358 | X75: =DUCCEM_full_CDOM!WN75 -> 0.01818 | Y75: =DUCCEM_full_CDOM!WO75 -> 0.01847 | Z75: =DUCCEM_full_CDOM!WP75 -> 0.9843 | AA75: =(V75/2.303)/AB75 -> 2.8355011 | AB75: 6.157 | AC75: 0.345 | AD75: < 20 | AE75: 47 | AF75: 28.3 | AG75: < 20 | AH75: 0.99 | AI75: 10 | AJ75: < 20 | AK75: 7.73 | AL75: < 0.10 | AM75: 1.16 | AN75: 178 | AO75: < 25 | AP75: < 20 | AQ75: < 20 | AR75: < 20 | AS75: < 20 | AT75: < 20 | AU75: < 20 | AV75: 0.08 | AW75: 6.79 | AX75: 46 | AY75: < 0.05 | AZ75: 0.4
A76: 45 | B76: 45497 | C76: 0.39583333 | F76: from dock | G76: low water | H76: Greg Elias | I76: 19.69 | J76: 300 | K76: 267.78 | L76: 8.29 | N76: -19.22 | O76: -155.3 | P76: -1.5 | R76: 27.2 | V76: =DUCCEM_full_CDOM!BM76:BM190 -> 28.997119 | W76: 1.10322912 | X76: =DUCCEM_full_CDOM!WN76 -> 0.01863 | Y76: =DUCCEM_full_CDOM!WO76 -> 0.01821 | Z76: =DUCCEM_full_CDOM!WP76 -> 1.0231 | AA76: =(V76/2.303)/AB76 -> 3.0274152 | AB76: 4.159 | AC76: 0.19 | AD76: < 20 | AE76: 43 | AF76: 27.9 | AG76: < 20 | AH76: 0.82 | AI76: 10.6 | AJ76: < 20 | AK76: 7.52 | AL76: < 0.10 | AM76: 1.39 | AN76: 181 | AO76: < 25 | AP76: < 20 | AQ76: < 20 | AR76: < 20 | AS76: < 20 | AT76: < 20 | AU76: < 20 | AV76: 0.09 | AW76: 6.62 | AX76: 53.8 | AY76: < 0.05 | AZ76: 0.37
A77: 46 | B77: 45510 | C77: 0.46458333 | F77: from dock | G77: low water_less sediment | H77: Greg Elias_Lance Gray | I77: 17.81 | J77: 321 | K77: 285.6 | L77: 8.38 | N77: -18.63 | O77: -151.6 | P77: -2.6 | R77: 12.87671 | S77: 0.116 | T77: 0.9 | U77: -32.57 | V77: =DUCCEM_full_CDOM!BM77:BM191 -> 21.250518 | W77: 0.62991656 | X77: =DUCCEM_full_CDOM!WN77 -> 0.02064 | Y77: =DUCCEM_full_CDOM!WO77 -> 0.01948 | Z77: =DUCCEM_full_CDOM!WP77 -> 1.0595 | AA77: =(V77/2.303)/AB77 -> 2.5992451 | AB77: 3.55 | AC77: 0.181 | AD77: < 20 | AE77: 39 | AF77: 27.8 | AG77: < 20 | AH77: 0.79 | AI77: 11.2 | AJ77: < 20 | AK77: 8.21 | AL77: < 0.10 | AM77: 1.22 | AN77: 185 | AO77: < 25 | AP77: < 20 | AQ77: < 20 | AR77: < 20 | AS77: < 20 | AT77: < 20 | AU77: < 20 | AV77: 0.08 | AW77: 7.61 | AX77: 57.5 | AY77: < 0.05 | AZ77: 0.29
A78: 47 | B78: 45517 | C78: 0.41666667 | F78: from dock | G78: low water_clear | H78: Lance Gray | I78: 18.05 | J78: 322 | K78: 271.38 | L78: 8.3 | N78: -18.74 | O78: -151.3 | P78: -1.4 | R78: 18.6 | S78: 0.08 | T78: 0.409 | U78: -31.31 | V78: =DUCCEM_full_CDOM!BM78:BM192 -> 20.336319 | W78: 0.76699112 | X78: =DUCCEM_full_CDOM!WN78 -> 0.02018 | Y78: =DUCCEM_full_CDOM!WO78 -> 0.01794 | Z78: =DUCCEM_full_CDOM!WP78 -> 1.1249 | AA78: =(V78/2.303)/AB78 -> 2.6071332 | AB78: 3.387 | AC78: 0.196 | AD78: < 20 | AE78: 34 | AF78: 25.5 | AG78: < 20 | AH78: 0.79 | AI78: 11.3 | AJ78: < 20 | AK78: 8.07 | AL78: < 0.10 | AM78: 1.34 | AN78: 176 | AO78: < 25 | AP78: < 20 | AQ78: < 20 | AR78: < 20 | AS78: < 20 | AT78: < 20 | AU78: < 20 | AV78: 0.08 | AW78: 7.33 | AX78: 56.6 | AY78: < 0.05 | AZ78: 0.44
A79: 48 | B79: 45518 | C79: 0.38541667 | F79: from dock | G79: low water | H79: Bennet Juhls_Felica Gehde | I79: 17.83 | J79: 324 | K79: 296.62 | L79: 8.39 | N79: -18.72 | O79: -151.6 | P79: -1.9 | R79: 38.52632 | S79: 0.23 | T79: 0.59 | U79: -28.73 | V79: =DUCCEM_full_CDOM!BM79:BM193 -> 23.442698 | W79: 1.08720024 | X79: =DUCCEM_full_CDOM!WN79 -> 0.01913 | Y79: =DUCCEM_full_CDOM!WO79 -> 0.01659 | Z79: =DUCCEM_full_CDOM!WP79 -> 1.1531 | AA79: =(V79/2.303)/AB79 -> 2.5239772 | AB79: 4.033 | AC79: 0.324 | AD79: < 20 | AE79: 47 | AF79: 31.5 | AG79: < 20 | AH79: 0.82 | AI79: 11.6 | AJ79: < 20 | AK79: 8.13 | AL79: < 0.10 | AM79: 1.33 | AN79: 202 | AO79: < 25 | AP79: < 20 | AQ79: < 20 | AR79: < 20 | AS79: < 20 | AT79: < 20 | AU79: < 20 | AV79: 0.09 | AW79: 7.03 | AX79: 56.5 | AY79: < 0.05 | AZ79: 0.5
A80: 49 | B80: 45520 | C80: 0.60416667 | F80: from dock | G80: low water (discharge measurement with river surveyor) | H80: Felica Gehde | I80: 17.87 | J80: 318 | K80: 256.86 | L80: 8 | N80: -18.61 | O80: -151.7 | P80: -2.8 | R80: 37.83333 | S80: 0.51 | T80: 1.35 | U80: -28.71 | V80: =DUCCEM_full_CDOM!BM80:BM194 -> 28.834021 | W80: 1.05081284 | X80: =DUCCEM_full_CDOM!WN80 -> 0.01918 | Y80: =DUCCEM_full_CDOM!WO80 -> 0.01823 | Z80: =DUCCEM_full_CDOM!WP80 -> 1.0521 | AA80: =(V80/2.303)/AB80 -> 2.2151805 | AB80: 5.652 | AC80: 0.344 | AD80: < 20 | AE80: 32 | AF80: 22.8 | AG80: < 20 | AH80: 0.8 | AI80: 11.4 | AJ80: < 20 | AK80: 8.21 | AL80: < 0.10 | AM80: 1.22 | AN80: 162 | AO80: < 25 | AP80: < 20 | AQ80: < 20 | AR80: < 20 | AS80: < 20 | AT80: < 20 | AU80: < 20 | AV80: 0.08 | AW80: 7.43 | AX80: 55.2 | AY80: < 0.05 | AZ80: 0.47
A81: 50 | B81: 45522 | C81: 0.61111111 | F81: from dock | G81: low water | H81: Madeleine Santos_Felica Gehde | I81: 17.85 | J81: 325 | K81: 287.81 | L81: 8.52 | N81: -18.67 | O81: -150.8 | P81: -1.4 | R81: 39.16667 | S81: 1.132 | T81: 2.89 | U81: -27.27 | V81: =DUCCEM_full_CDOM!BM81:BM195 -> 25.892813 | W81: 0.9202788 | X81: =DUCCEM_full_CDOM!WN81 -> 0.01948 | Y81: =DUCCEM_full_CDOM!WO81 -> 0.01869 | Z81: =DUCCEM_full_CDOM!WP81 -> 1.0423 | AA81: =(V81/2.303)/AB81 -> 2.6661323 | AB81: 4.217 | AC81: 0.259 | AD81: < 20 | AE81: 45 | AF81: 30.4 | AG81: < 20 | AH81: 0.84 | AI81: 11.5 | AJ81: < 20 | AK81: 7.54 | AL81: < 0.10 | AM81: 1.43 | AN81: 195 | AO81: < 25 | AP81: < 20 | AQ81: < 20 | AR81: < 20 | AS81: < 20 | AT81: < 20 | AU81: < 20 | AV81: 0.08 | AW81: 6.44 | AX81: 56.7 | AY81: < 0.05 | AZ81: 0.51
A82: 51 | B82: 45524 | C82: 0.60069444 | F82: from dock | G82: cloudy. windy. wind coming from North | H82: Antje Eulenburg_Felica Gehde | I82: 15.51 | J82: 311 | K82: 253.76 | L82: 8.4 | N82: -18.6 | O82: -150.4 | P82: -1.6 | R82: 195.5 | S82: 0.15 | T82: 0.08 | U82: -30.54 | V82: =DUCCEM_full_CDOM!BM82:BM196 -> 27.409707 | W82: 0.92207514 | X82: =DUCCEM_full_CDOM!WN82 -> 0.01916 | Y82: =DUCCEM_full_CDOM!WO82 -> 0.01891 | Z82: =DUCCEM_full_CDOM!WP82 -> 1.0132 | AA82: =(V82/2.303)/AB82 -> 2.6238404 | AB82: 4.536 | AC82: 0.284 | AD82: < 20 | AE82: 45 | AF82: 23.9 | AG82: < 20 | AH82: 0.86 | AI82: 11.3 | AJ82: < 20 | AK82: 7.43 | AL82: < 0.10 | AM82: 1.37 | AN82: 165 | AO82: < 25 | AP82: < 20 | AQ82: < 20 | AR82: < 20 | AS82: < 20 | AT82: < 20 | AU82: < 20 | AV82: 0.08 | AW82: 6.52 | AX82: 53.6 | AY82: < 0.05 | AZ82: 0.51
A83: 52 | B83: 45526 | C83: 0.61458333 | F83: from dock | G83: very low water. a boat arrived a few meters upstream (corrected. not downstream as in sampling sheet) of dock just during sampling. might have whirled up sediment + two motor boats at dock (probably since 13th of august). some oily layers visible on water surface close to motor | H83: Madeleine Santos_Felica Gehde | I83: 15.61 | J83: 317 | K83: 299.72 | L83: 8.58 | N83: -18.49 | O83: -150.6 | P83: -2.7 | R83: 32 | S83: 0.1 | T83: 0.3 | U83: -30.37 | V83: =DUCCEM_full_CDOM!BM83:BM197 -> 23.101347 | W83: 0.716233 | X83: =DUCCEM_full_CDOM!WN83 -> 0.01971 | Y83: =DUCCEM_full_CDOM!WO83 -> 0.01905 | Z83: =DUCCEM_full_CDOM!WP83 -> 1.0346 | AA83: =(V83/2.303)/AB83 -> 2.43707 | AB83: 4.116 | AC83: 0.257 | AD83: < 20 | AE83: 48 | AF83: 32.3 | AG83: < 20 | AH83: 0.88 | AI83: 12.1 | AJ83: < 20 | AK83: 8.08 | AL83: < 0.10 | AM83: 1.39 | AN83: 211 | AO83: < 25 | AP83: < 20 | AQ83: < 20 | AR83: < 20 | AS83: < 20 | AT83: < 20 | AU83: < 20 | AV83: 0.09 | AW83: 6.99 | AX83: 56.8 | AY83: < 0.05 | AZ83: 0.47
A84: 57 | B84: 45530 | C84: 0.5 | F84: from dock | G84: castaway did not work | H84: Verena Bischoff | K84: 283 | L84: 8.13 | N84: -18.55 | O84: -151.2 | P84: -2.8 | R84: 6 | S84: 0.15 | T84: 2.48 | U84: -29.25 | V84: =DUCCEM_full_CDOM!BM84:BM198 -> 21.804804 | W84: 0.60057634 | X84: =DUCCEM_full_CDOM!WN84 -> 0.01981 | Y84: =DUCCEM_full_CDOM!WO84 -> 0.01785 | Z84: =DUCCEM_full_CDOM!WP84 -> 1.1098 | AA84: =(V84/2.303)/AB84 -> 2.4909234 | AB84: 3.801 | AC84: 0.205 | AD84: < 20 | AE84: 33 | AF84: 27.7 | AG84: < 20 | AH84: 0.86 | AI84: 12.2 | AJ84: < 20 | AK84: 8.49 | AL84: < 0.10 | AM84: 1.37 | AN84: 188 | AO84: < 25 | AP84: < 20 | AQ84: < 20 | AR84: < 20 | AS84: < 20 | AT84: < 20 | AU84: < 20 | AV84: 0.08 | AW84: 7.56 | AX84: 57.8 | AY84: < 0.05 | AZ84: 0.34
A85: 53 | B85: 45533 | C85: 0.39583333 | F85: from dock | G85: low water_low sediment | H85: Greg Elias | I85: 13.9 | J85: 331 | K85: 263.57 | L85: 8.31 | N85: -18.52 | O85: -150.5 | P85: -2.3 | R85: 8.740741 | S85: 0.13 | T85: 1.542 | U85: -32.45 | V85: =DUCCEM_full_CDOM!BM85:BM199 -> 21.467553 | W85: 1.7781463 | X85: =DUCCEM_full_CDOM!WN85 -> 0.02092 | Y85: =DUCCEM_full_CDOM!WO85 -> 0.01987 | Z85: =DUCCEM_full_CDOM!WP85 -> 1.0528 | AA85: =(V85/2.303)/AB85 -> 2.6176804 | AB85: 3.561 | AC85: 0.161 | AD85: < 20 | AE85: 25 | AF85: 21.9 | AG85: < 20 | AH85: 0.85 | AI85: 12.7 | AJ85: < 20 | AK85: 9.16 | AL85: < 0.10 | AM85: 1.29 | AN85: 165 | AO85: < 25 | AP85: < 20 | AQ85: < 20 | AR85: < 20 | AS85: < 20 | AT85: < 20 | AU85: < 20 | AV85: 0.07 | AW85: 8.59 | AX85: 60.8 | AY85: < 0.05 | AZ85: 0.32
A86: 58 | B86: 45534 | C86: 0.42708333 | F86: from dock | G86: / | H86: Verena Bischoff | I86: 13.23 | J86: 352 | K86: 317.05 | L86: 8.8 | N86: -18.61 | O86: -150.8 | P86: -1.9 | R86: 8.75 | S86: 0.07 | T86: 0.8 | U86: -29.99 | V86: =DUCCEM_full_CDOM!BM86:BM200 -> 18.813575 | W86: 0.71885842 | X86: =DUCCEM_full_CDOM!WN86 -> 0.02081 | Y86: =DUCCEM_full_CDOM!WO86 -> 0.0184 | Z86: =DUCCEM_full_CDOM!WP86 -> 1.131 | AA86: =(V86/2.303)/AB86 -> 2.6107894 | AB86: 3.129 | AC86: 0.158 | AD86: < 20 | AE86: 38 | AF86: 31.8 | AG86: < 20 | AH86: 0.86 | AI86: 13.2 | AJ86: < 20 | AK86: 8.76 | AL86: < 0.10 | AM86: 1.25 | AN86: 205 | AO86: < 25 | AP86: < 20 | AQ86: < 20 | AR86: < 20 | AS86: < 20 | AT86: < 20 | AU86: < 20 | AV86: 0.09 | AW86: 8.1 | AX86: 67.8 | AY86: < 0.05 | AZ86: 0.38
A87: 56 | B87: 45536 | C87: 0.57638889 | F87: from shore. dock got removed | G87: raining | H87: Annabeth McCall_Bennet Juhls | I87: 11.7 | J87: 338 | K87: 250.75 | L87: 8.1 | N87: -18.5 | O87: -152.1 | P87: -4.1 | R87: 37.14286 | S87: 0.21 | T87: 0.56 | U87: -28.23 | V87: =DUCCEM_full_CDOM!BM87:BM201 -> 26.826588 | W87: 1.11875134 | X87: =DUCCEM_full_CDOM!WN87 -> 0.01941 | Y87: =DUCCEM_full_CDOM!WO87 -> 0.01734 | Z87: =DUCCEM_full_CDOM!WP87 -> 1.1194 | AA87: =(V87/2.303)/AB87 -> 2.6631321 | AB87: 4.374 | AC87: 0.195 | AD87: < 20 | AE87: 23 | AF87: 20.2 | AG87: < 20 | AH87: 0.84 | AI87: 12.2 | AJ87: < 20 | AK87: 8.34 | AL87: < 0.10 | AM87: 1.28 | AN87: 149 | AO87: < 25 | AP87: < 20 | AQ87: < 20 | AR87: < 20 | AS87: < 20 | AT87: < 20 | AU87: < 20 | AV87: 0.07 | AW87: 7.75 | AX87: 61.5 | AY87: < 0.05 | AZ87: 0.41
A88: 54 | B88: 45538 | C88: 0.4375 | F88: from shore. Carn Road | G88: lots of sediment | H88: Greg Elias | I88: 10.62 | J88: 319 | K88: 272.59 | L88: 8.99 | N88: -18.67 | O88: -153.3 | P88: -3.9 | R88: 124.0741 | S88: 1.5 | T88: 1.207 | U88: -28.45 | V88: =DUCCEM_full_CDOM!BM88:BM202 -> 47.842752 | W88: 0.83755504 | X88: =DUCCEM_full_CDOM!WN88 -> 0.01797 | Y88: =DUCCEM_full_CDOM!WO88 -> 0.01861 | Z88: =DUCCEM_full_CDOM!WP88 -> 0.9656 | AA88: =(V88/2.303)/AB88 -> 3.2019266 | AB88: 6.488 | AC88: 0.28 | AD88: < 20 | AE88: 47 | AF88: 27.6 | AG88: < 20 | AH88: 0.88 | AI88: 11.4 | AJ88: < 20 | AK88: 8.35 | AL88: < 0.10 | AM88: 1.10 | AN88: 176 | AO88: < 25 | AP88: < 20 | AQ88: < 20 | AR88: < 20 | AS88: < 20 | AT88: < 20 | AU88: < 20 | AV88: 0.08 | AW88: 6.98 | AX88: 57.6 | AY88: < 0.05 | AZ88: 0.35
A89: 55 | B89: 45544 | C89: 0.41666667 | F89: from shore. Carn Road | G89: low water_clear | H89: Greg Elias | I89: 10.7 | J89: 356 | K89: 304.03 | L89: 8.77 | N89: -18.61 | O89: -151.3 | P89: -2.4 | R89: 10.47059 | S89: 0.31 | T89: 3.01 | U89: -30.98 | V89: =DUCCEM_full_CDOM!BM89:BM203 -> 24.085419 | W89: 0.62167182 | X89: =DUCCEM_full_CDOM!WN89 -> 0.02007 | Y89: =DUCCEM_full_CDOM!WO89 -> 0.0194 | Z89: =DUCCEM_full_CDOM!WP89 -> 1.0345 | AA89: =(V89/2.303)/AB89 -> 2.5304331 | AB89: 4.133 | AC89: 0.226 | AD89: < 20 | AE89: 36 | AF89: 29.2 | AG89: < 20 | AH89: 0.87 | AI89: 13.2 | AJ89: < 20 | AK89: 9.00 | AL89: < 0.10 | AM89: 1.16 | AN89: 196 | AO89: < 25 | AP89: < 20 | AQ89: < 20 | AR89: < 20 | AS89: < 20 | AT89: < 20 | AU89: < 20 | AV89: 0.08 | AW89: 8.16 | AX89: 66.2 | AY89: < 0.05 | AZ89: 0.38
A90: 59 | B90: 45546 | C90: 0.55833333 | F90: from shore with extended pole (around 3 m from shore) | G90: low water_clear | H90: Annabeth McCall_Felica Gehde | I90: 11.51 | J90: 340 | K90: 307.84 | L90: 8.36 | N90: -18.39 | O90: -151.2 | P90: -4.2 | R90: 8.25 | S90: 0.32 | T90: 3.87 | U90: -31.7 | V90: =DUCCEM_full_CDOM!BM90:BM204 -> 32.869844 | W90: 1.01520846 | X90: =DUCCEM_full_CDOM!WN90 -> 0.01997 | Y90: =DUCCEM_full_CDOM!WO90 -> 0.01952 | Z90: =DUCCEM_full_CDOM!WP90 -> 1.0231 | AA90: =(V90/2.303)/AB90 -> 2.8346812 | AB90: 5.035 | AC90: 0.217 | AD90: < 20 | AE90: 47 | AF90: 30.8 | AG90: < 20 | AH90: 0.92 | AI90: 12.3 | AJ90: < 20 | AK90: 9.75 | AL90: < 0.10 | AM90: 0.78 | AN90: 199 | AO90: < 25 | AP90: < 20 | AQ90: < 20 | AR90: < 20 | AS90: < 20 | AT90: < 20 | AU90: < 20 | AV90: 0.09 | AW90: 9.02 | AX90: 61.1 | AY90: < 0.05 | AZ90: 0.32
A91: blank 6 | B91: 45546 | C91: 0.75 | F91: / | G91: / | H91: Felica Gehde | L91: 7.78 | R91: -0.2 | AB91: 0.347 | AC91: 0
A92: 60 | B92: 45548 | C92: 0.5 | F92: from shore with extended pole (around 2.5 m from shore) | G92: low water | H92: Madeleine Santos_Annabeth McCall_Felica Gehde | I92: 10.94 | J92: 347 | K92: 314.04 | L92: 8.15 | N92: -18.62 | O92: -151.7 | P92: -2.8 | R92: 8 | S92: 0.06 | T92: 0.77 | U92: -29.96 | V92: =DUCCEM_full_CDOM!BM92:BM206 -> 27.694865 | W92: 0.90880986 | X92: =DUCCEM_full_CDOM!WN92 -> 0.01961 | Y92: =DUCCEM_full_CDOM!WO92 -> 0.01901 | Z92: =DUCCEM_full_CDOM!WP92 -> 1.0316 | AA92: =(V92/2.303)/AB92 -> 2.6342957 | AB92: 4.565 | AC92: 0.222 | AD92: < 20 | AE92: 41 | AF92: 31.8 | AG92: < 20 | AH92: 0.87 | AI92: 12.9 | AJ92: < 20 | AK92: 9.17 | AL92: < 0.10 | AM92: 0.96 | AN92: 206 | AO92: < 25 | AP92: < 20 | AQ92: < 20 | AR92: < 20 | AS92: < 20 | AT92: < 20 | AU92: < 20 | AV92: 0.09 | AW92: 8.58 | AX92: 65 | AY92: < 0.05 | AZ92: 0.36
A93: 61 | B93: 45566 | C93: 0.59375 | F93: from shore with sample pole | G93: water was a little higher_ over the weekend was high winds | H93: Greg Elias_ Ryan McLeod | I93: 4.63 | J93: 326 | K93: 282 | L93: 8.86 | N93: -18.63 | O93: -151.4 | P93: -2.3 | R93: 17.446808 | V93: =DUCCEM_full_CDOM!BM93:BM207 -> 62.744519 | W93: =DUCCEM_full_CDOM!IT93 -> 2.836027 | X93: =DUCCEM_full_CDOM!WN93 -> 0.01635 | Y93: =DUCCEM_full_CDOM!WO93 -> 0.01733 | Z93: =DUCCEM_full_CDOM!WP93 -> 0.9435 | AA93: =(V93/2.303)/AB93 -> 3.3470134 | AB93: 8.14 | AC93: 0.25 | AD93: < 20 | AE93: 41 | AF93: 28.5 | AG93: < 20 | AH93: 0.87 | AI93: 10.5 | AJ93: < 20 | AK93: 8.43 | AL93: < 0.10 | AM93: 1.16 | AN93: 175 | AO93: < 25 | AP93: < 20 | AQ93: < 20 | AR93: < 20 | AS93: < 20 | AT93: < 20 | AU93: < 20 | AV93: 0.1 | AW93: 7.16 | AX93: 58.3 | AY93: < 0.05 | AZ93: 0.19
A94: 62 | B94: 45574 | C94: 0.45138889 | F94: from shore with sample pole | G94: / | H94: Greg Elias_ Ryan McLeod | I94: 2.39 | J94: 281 | K94: 256 | L94: 8.71 | N94: -18.72 | O94: -152.3 | P94: -2.6 | R94: 10.135135 | V94: =DUCCEM_full_CDOM!BM94:BM208 -> 58.6345 | W94: =DUCCEM_full_CDOM!IT94 -> 2.6094188 | X94: =DUCCEM_full_CDOM!WN94 -> 0.01693 | Y94: =DUCCEM_full_CDOM!WO94 -> 0.01624 | Z94: =DUCCEM_full_CDOM!WP94 -> 1.0425 | AA94: =(V94/2.303)/AB94 -> 3.1239328 | AB94: 8.15 | AC94: 0.27 | AD94: < 20 | AE94: 41 | AF94: 26.4 | AG94: < 20 | AH94: 0.89 | AI94: 9.08 | AJ94: < 20 | AK94: 7.45 | AL94: < 0.10 | AM94: 1.07 | AN94: 157 | AO94: < 25 | AP94: < 20 | AQ94: < 20 | AR94: < 20 | AS94: < 20 | AT94: < 20 | AU94: < 20 | AV94: 0.09 | AW94: 6.48 | AX94: 47.9 | AY94: < 0.05 | AZ94: 0.22
A95: 63 | B95: 45580 | C95: 0.47916667 | F95: from shore with sample pole | G95: / | H95: Greg Elias | I95: 1.56 | J95: 306 | K95: 256.1 | L95: 8.94 | N95: -18.51 | O95: -150.1 | P95: -2 | R95: 8.9230769 | V95: =DUCCEM_full_CDOM!BM95:BM209 -> 47.672952 | W95: =DUCCEM_full_CDOM!IT95 -> 2.0968585 | X95: =DUCCEM_full_CDOM!WN95 -> 0.01683 | Y95: =DUCCEM_full_CDOM!WO95 -> 0.01638 | Z95: =DUCCEM_full_CDOM!WP95 -> 1.0275 | AA95: =(V95/2.303)/AB95 -> 3.1749034 | AB95: 6.52 | AC95: < 0.25 | AD95: < 20 | AE95: 31 | AF95: 24 | AG95: < 20 | AH95: 0.89 | AI95: 9.83 | AJ95: < 20 | AK95: 8.47 | AL95: < 0.10 | AM95: 1.13 | AN95: 159 | AO95: < 25 | AP95: < 20 | AQ95: < 20 | AR95: < 20 | AS95: < 20 | AT95: < 20 | AU95: < 20 | AV95: 0.09 | AW95: 7.62 | AX95: 50.9 | AY95: < 0.05 | AZ95: 0.24
A96: 64 | B96: 45597 | C96: 0.4375 | F96: from ice 15 cm_ Moe's dock_ 2.2 m water depth | G96: sampling pole beneath ice | H96: Greg Elias_ Ryan McLeod | I96: 0.13 | J96: 341 | K96: 304.7 | L96: 8.33 | N96: -18.55 | O96: -151.9 | P96: -3.5 | R96: 4.25 | V96: =DUCCEM_full_CDOM!BM96:BM210 -> 43.512721 | W96: =DUCCEM_full_CDOM!IT96 -> 1.5349725 | X96: =DUCCEM_full_CDOM!WN96 -> 0.01881 | Y96: =DUCCEM_full_CDOM!WO96 -> 0.01755 | Z96: =DUCCEM_full_CDOM!WP96 -> 1.0718 | AA96: =(V96/2.303)/AB96 -> 3.0523312 | AB96: 6.19 | AC96: < 0.25 | AD96: < 20 | AE96: 50 | AF96: 29.5 | AG96: < 20 | AH96: 1.05 | AI96: 10.8 | AJ96: < 20 | AK96: 10 | AL96: < 0.10 | AM96: 1.1 | AN96: 174 | AO96: < 25 | AP96: < 20 | AQ96: < 20 | AR96: < 20 | AS96: < 20 | AT96: < 20 | AU96: < 20 | AV96: 0.1 | AW96: 10.2 | AX96: 53.2 | AY96: < 0.05 | AZ96: 0.26
A97: 65 | B97: 45608 | C97: 0.45138889 | F97: from ice Moe's dock | G97: sample pole under ice | H97: Greg Elias_ Edwin Amos | I97: 0.15 | J97: 310 | K97: 290.5 | L97: 8.35 | N97: -18.69 | O97: -152.8 | P97: -3.2 | R97: 3.8 | V97: =DUCCEM_full_CDOM!BM97:BM211 -> 45.790816 | W97: =DUCCEM_full_CDOM!IT97 -> 1.7491193 | X97: =DUCCEM_full_CDOM!WN97 -> 0.01797 | Y97: =DUCCEM_full_CDOM!WO97 -> 0.01747 | Z97: =DUCCEM_full_CDOM!WP97 -> 1.0286 | AA97: =(V97/2.303)/AB97 -> 2.9944452 | AB97: 6.64 | AC97: 0.25 | AD97: < 20 | AE97: 44 | AF97: 29.8 | AG97: < 20 | AH97: 1.04 | AI97: 10.5 | AJ97: < 20 | AK97: 9.91 | AL97: < 0.10 | AM97: 1.26 | AN97: 181 | AO97: < 25 | AP97: < 20 | AQ97: < 20 | AR97: < 20 | AS97: < 20 | AT97: < 20 | AU97: < 20 | AV97: 0.1 | AW97: 9.25 | AX97: 49.7 | AY97: 0.05 | AZ97: 0.29
A98: 66 | B98: 45622 | C98: 0.57291667 | F98: ice 16" | H98: Greg Elias_ Edwin Amos | I98: 0.09 | J98: 284 | K98: 241.5 | L98: 8.69 | N98: -19.03 | O98: -154.6 | P98: -2.3 | Q98: 41 | R98: 2.7 | V98: =DUCCEM_full_CDOM!BM98:BM212 -> 61.943176 | W98: =DUCCEM_full_CDOM!IT98 -> 2.5485297 | X98: =DUCCEM_full_CDOM!WN98 -> 0.01723 | Y98: =DUCCEM_full_CDOM!WO98 -> 0.0175 | Z98: =DUCCEM_full_CDOM!WP98 -> 0.9846 | AA98: =(V98/2.303)/AB98 -> 3.3205843 | AB98: 8.1 | AC98: 0.3 | AD98: < 20 | AE98: 40 | AF98: 24.3 | AG98: < 20 | AH98: 1.02 | AI98: 8.63 | AJ98: < 20 | AK98: 7.99 | AL98: < 0.10 | AM98: 1.14 | AN98: 140 | AO98: < 25 | AP98: < 20 | AQ98: < 20 | AR98: < 20 | AS98: < 20 | AT98: < 20 | AU98: 21 | AV98: 0.09 | AW98: 7.24 | AX98: 40.9 | AY98: < 0.05 | AZ98: 0.27
A99: 67 | B99: 45636 | C99: 0.46875 | F99: ice 50 cm | H99: Greg Elias | I99: 0.06 | J99: 289 | K99: 239.1 | L99: 9.06 | N99: -19.05 | O99: -155.1 | P99: -2.7 | Q99: 50 | R99: 2.2 | V99: =DUCCEM_full_CDOM!BM99:BM213 -> 63.037322 | W99: =DUCCEM_full_CDOM!IT99 -> 2.5215754 | X99: =DUCCEM_full_CDOM!WN99 -> 0.01761 | Y99: =DUCCEM_full_CDOM!WO99 -> 0.01754 | Z99: =DUCCEM_full_CDOM!WP99 -> 1.004 | AA99: =(V99/2.303)/AB99 -> 3.1175204 | AB99: 8.78 | AC99: 0.33 | AD99: < 20 | AE99: 38 | AF99: 23.4 | AG99: < 20 | AH99: 1.05 | AI99: 8.79 | AJ99: < 20 | AK99: 8.34 | AL99: < 0.10 | AM99: 1.25 | AN99: 138 | AO99: < 25 | AP99: < 20 | AQ99: < 20 | AR99: < 20 | AS99: < 20 | AT99: < 20 | AU99: < 20 | AV99: 0.1 | AW99: 7.8 | AX99: 41.6 | AY99: < 0.05 | AZ99: 0.28
A100: 68 | B100: 45645 | C100: 0.5625 | F100: ice 62 cm | H100: Greg Elias_ Edwin Amos | I100: 0.08 | J100: 311 | K100: 274.1 | L100: 8.34 | N100: -18.95 | O100: -155.5 | P100: -3.9 | Q100: 62 | R100: 1.7 | V100: =DUCCEM_full_CDOM!BM100:BM214 -> 58.749912 | W100: =DUCCEM_full_CDOM!IT100 -> 2.2633562 | X100: =DUCCEM_full_CDOM!WN100 -> 0.01801 | Y100: =DUCCEM_full_CDOM!WO100 -> 0.01771 | Z100: =DUCCEM_full_CDOM!WP100 -> 1.0169 | AA100: =(V100/2.303)/AB100 -> 3.0809379 | AB100: 8.28 | AC100: 0.37 | AD100: < 20 | AE100: 46 | AF100: 27.9 | AG100: < 20 | AH100: 1.07 | AI100: 9.48 | AJ100: < 20 | AK100: 9.21 | AL100: < 0.10 | AM100: 1.29 | AN100: 164 | AO100: < 25 | AP100: < 20 | AQ100: < 20 | AR100: < 20 | AS100: < 20 | AT100: < 20 | AU100: < 20 | AV100: 0.1 | AW100: 8.58 | AX100: 44.2 | AY100: < 0.05 | AZ100: 0.31
...

Sheet otherSites_liveResults
A1: ID | B1: Date | C1: Time (local) | D1: Lat (DecDeg) | E1: Lon (DecDeg) | F1: Temp_degC (Â°C) | G1: Cond_ÂµScm (ÂµS/cm) | H1: Discharge (m³/s) | I1: mean d18O | J1: mean dD | K1: mean d xs | L1: comments on sampling location | M1: comments on sampling situation | N1: sampled by | O1: GF-F_FilterID | P1: initialFilter-weight_g | Q1: FilteredVolume_ml | R1: SPM concentration (mg/L) | S1: comment on filtering process | T1: POC (mg/L) | U1: POC (%) | V1: d13C (‰) | W1: aCDOM(254) | X1: Al (µg/L) | Y1: Ba (µg/L) | Z1: Ca (mg/L) | AA1: Fe (µg/L) | AB1: K (mg/L) | AC1: Mg (mg/L) | AD1: Mn (µg/L) | AE1: Na (mg/L) | AF1: P (mg/L) | AG1: Si (mg/L) | AH1: Sr (µg/L) | AI1: Pb (µg/L) | AJ1: Cr (µg/L) | AK1: V (µg/L) | AL1: Co (µg/L) | AM1: Ni (µg/L) | AN1: Cu (µg/L) | AO1: Zn (µg/L) | AP1: Laborroboter Seal Analytical (µS/cm) | AQ1: Felddaten TRef. ? (µS/cm) | AR1: NO3 [µmol/l] | AS1: NO2 [µmol/l] | AT1: PO4 [µmol/l] | AU1: Si [µmol/l] | AV1: NH4* [µmol]
A2: MHPaul1 | B2: 45146 | D2: 69.0602 | E2: 135.05836 | I2: -19.1 | J2: -152.7 | K2: 0.1 | N2: Paul Overduin | O2: 33 | P2: 0.127 | Q2: 242 | R2: 25.206612 | T2: 0.34 | U2: 1.35 | V2: -30.9 | W2: 0.418448 | X2: 21 | Y2: 50 | Z2: 34.1 | AA2: < 20 | AB2: 0.87 | AC2: 11.8 | AD2: < 20 | AE2: 8.38 | AF2: < 0,10 | AG2: 1.74 | AH2: 234 | AI2: < 25 | AJ2: < 20 | AK2: < 20 | AL2: < 20 | AM2: < 20 | AN2: < 20 | AO2: < 20 | AP2: 296.62 | AQ2: /
A3: MHPaul2 | B3: 45146 | D3: 68.63536 | E3: 134.08055 | I3: -18.95 | J3: -152.4 | K3: -0.8 | N3: Paul Overduin | O3: 32 | P3: 0.1285 | Q3: 315.4 | R3: 12.36525 | T3: 0.38 | U3: 3.09 | V3: -31.68 | W3: 0.488119 | X3: < 20 | Y3: 110 | Z3: 34.8 | AA3: < 20 | AB3: 0.88 | AC3: 11.6 | AD3: < 20 | AE3: 8.71 | AF3: < 0,10 | AG3: 1.61 | AH3: 241 | AI3: < 25 | AJ3: < 20 | AK3: < 20 | AL3: < 20 | AM3: < 20 | AN3: < 20 | AO3: < 20 | AP3: 296.62 | AQ3: / | AR3: 1.429 | AS3: 0.058 | AT3: 0.1 | AU3: 52.107 | AV3: 0.019
A4: MHPaul3-A | B4: 45146 | D4: 68.6237 | E4: 134.18918 | I4: -19.06 | J4: -153.1 | K4: -0.6 | N4: Paul Overduin | O4: 99 | P4: 0.1308 | Q4: 240 | R4: 57.5 | T4: 0.81 | U4: 1.41 | V4: -29.9 | W4: 0.46281 | X4: < 20 | Y4: 71 | Z4: 34.3 | AA4: < 20 | AB4: 0.85 | AC4: 11.6 | AD4: < 20 | AE4: 8.32 | AF4: < 0,10 | AG4: 1.72 | AH4: 237 | AI4: < 25 | AJ4: < 20 | AK4: < 20 | AL4: < 20 | AM4: < 20 | AN4: < 20 | AO4: < 20 | AP4: 296.22 | AQ4: /
A5: MHKalinek-A | B5: 45147 | D5: 67.99232 | E5: 134.1269 | I5: -18.92 | J5: -152.2 | K5: -0.9 | N5: Paul Overduin | O5: 96 | P5: 0.1303 | Q5: 211 | R5: 49.763033 | T5: 0.44 | U5: 0.89 | V5: -30.91 | W5: 0.438243 | X5: 23 | Y5: 49 | Z5: 33.2 | AA5: < 20 | AB5: 0.86 | AC5: 11.6 | AD5: < 20 | AE5: 8.27 | AF5: < 0,10 | AG5: 1.77 | AH5: 239 | AI5: < 25 | AJ5: < 20 | AK5: < 20 | AL5: < 20 | AM5: < 20 | AN5: < 20 | AO5: < 20 | AP5: 292.51 | AQ5: /
A6: MHPaul4 | B6: 45148 | D6: 68.32398 | E6: 134.22436 | I6: -19.13 | J6: -152.8 | K6: 0.2 | N6: Paul Overduin | O6: 109 | P6: 0.128 | Q6: 223.1 | R6: 77.095473 | T6: 0.93 | U6: 1.21 | V6: -29.49 | W6: 0.421456 | X6: 21 | Y6: 58 | Z6: 38.1 | AA6: < 20 | AB6: 0.86 | AC6: 11.8 | AD6: < 20 | AE6: 8.01 | AF6: < 0,10 | AG6: 1.75 | AH6: 262 | AI6: < 25 | AJ6: < 20 | AK6: < 20 | AL6: < 20 | AM6: < 20 | AN6: < 20 | AO6: < 20 | AP6: 317.35 | AQ6: /
A7: MHPaul5 | B7: 45149 | D7: 68.35192 | E7: 133.72331 | I7: -18.72 | J7: -150.1 | K7: -0.3 | N7: Paul Overduin | O7: 100 | P7: 0.1285 | Q7: 200.7 | R7: 46.836074 | T7: 1.3 | U7: 2.77 | V7: -29.57 | W7: 0.543335 | X7: < 20 | Y7: 135 | Z7: 37.3 | AA7: < 20 | AB7: 0.97 | AC7: 11.9 | AD7: 107 | AE7: 8.63 | AF7: < 0,10 | AG7: 1.43 | AH7: 243 | AI7: < 25 | AJ7: < 20 | AK7: < 20 | AL7: < 20 | AM7: < 20 | AN7: < 20 | AO7: < 20 | AP7: 310.34 | AQ7: / | AR7: 0.5 | AS7: 0.055 | AT7: 0.066 | AU7: 42.869 | AV7: 0.179
A8: sample peel river | B8: 20.08.2023 | D8: 67.338718 | E8: -134.87376 | I8: -21.97 | J8: -171.8 | K8: 4 | O8: 36 | P8: 0.1299 | Q8: 255 | R8: 64.706 | T8: 1.25 | U8: =100/R8*T8 -> 1.9318147 | V8: -28.09 | W8: 0.223063 | X8: < 20 | Y8: 47 | Z8: 43.8 | AA8: < 20 | AB8: 0.69 | AC8: 23 | AD8: < 20 | AE8: 6.59 | AF8: < 0,10 | AG8: 1.37 | AH8: 167 | AI8: < 25 | AJ8: < 20 | AK8: < 20 | AL8: < 20 | AM8: < 20 | AN8: < 20 | AO8: < 20 | AP8: 420.39
A9: sample peel river | B9: 20.08.2023 | D9: 67.338718 | E9: -134.87376 | O9: 37 | P9: 0.1229 | Q9: 288 | R9: 58.333 | T9: 0.69 | U9: =100/R9*T9 -> 1.1828639 | V9: -27.64
A10: SPOT1 | B10: 19.08.2023 | D10: 65.715158 | E10: -137.99277 | I10: -21.91 | J10: -171.3 | K10: 4 | O10: 44 | P10: 0.1275 | Q10: 507 | R10: 4.734 | T10: 0.26 | U10: =100/R10*T10 -> 5.4921842 | V10: -30.13 | W10: 0.302289 | X10: 40 | Y10: 50 | Z10: 57.3 | AA10: < 20 | AB10: 0.69 | AC10: 31 | AD10: < 20 | AE10: 21.1 | AF10: < 0,10 | AG10: 0.64 | AH10: 303 | AI10: < 25 | AJ10: < 20 | AK10: < 20 | AL10: < 20 | AM10: 21 | AN10: < 20 | AO10: < 20 | AP10: 606.06
A11: SPOT2 | B11: 19.08.2023 | D11: 64.948668 | E11: -138.27699 | I11: -19.84 | J11: -152.6 | K11: 6.1 | O11: 42 | P11: 0.1231 | Q11: 479 | R11: 0.418 | T11: 0.01 | U11: =100/R11*T11 -> 2.3923445 | V11: -33.93 | W11: 1.507141 | X11: < 20 | Y11: 121 | Z11: 23.5 | AA11: < 20 | AB11: 0.21 | AC11: 14.4 | AD11: < 20 | AE11: 0.92 | AF11: < 0,10 | AG11: 2.16 | AH11: 49 | AI11: < 25 | AJ11: < 20 | AK11: < 20 | AL11: < 20 | AM11: < 20 | AN11: < 20 | AO11: < 20 | AP11: 220.21
A12: SPOT3 | B12: 19.08.2023 | D12: 64.777413 | E12: -138.36349 | I12: -22.8 | J12: -178 | K12: 4.3 | O12: 40 | P12: 0.1235 | Q12: 495 | R12: -0.404 | T12: 0.02 | U12: =100/R12*T12 -> -4.950495 | V12: -34.68 | W12: 0.050924 | X12: < 20 | Y12: 36 | Z12: 33.5 | AA12: < 20 | AB12: 0.62 | AC12: 11.9 | AD12: < 20 | AE12: 4.18 | AF12: < 0,10 | AG12: 2.69 | AH12: 192 | AI12: < 25 | AJ12: < 20 | AK12: < 20 | AL12: < 20 | AM12: < 20 | AN12: < 20 | AO12: < 20 | AP12: 291.61
A13: SPOT4 | B13: 19.08.2023 | D13: 64.835491 | E13: -138.36178 | I13: -21.98 | J13: -172.1 | K13: 3.8 | O13: 43 | P13: 0.1235 | Q13: 467 | R13: 0.428 | S13: volume could be 467 or 407mL not clear writing | T13: 0.13 | U13: =100/R13*T13 -> 30.373832 | V13: -32.25 | W13: 0.179235 | X13: < 20 | Y13: 31 | Z13: 34.7 | AA13: < 20 | AB13: 0.59 | AC13: 18.3 | AD13: < 20 | AE13: 2.94 | AF13: < 0,10 | AG13: 2.16 | AH13: 161 | AI13: < 25 | AJ13: < 20 | AK13: < 20 | AL13: < 20 | AM13: < 20 | AN13: < 20 | AO13: < 20 | AP13: 344.19
A14: SPOT5 | B14: 19.08.2023 | D14: 64.605771 | E14: -138.34077 | I14: -21.97 | J14: -171.5 | K14: 4.2 | O14: 39 | P14: 0.1217 | Q14: 484 | R14: 5.372 | T14: 0.13 | U14: =100/R14*T14 -> 2.4199553 | V14: -32.91 | W14: 0.11455 | X14: 47 | Y14: 26 | Z14: 58.4 | AA14: < 20 | AB14: 0.59 | AC14: 39 | AD14: 175 | AE14: 4.41 | AF14: < 0,10 | AG14: 1.42 | AH14: 452 | AI14: < 25 | AJ14: < 20 | AK14: < 20 | AL14: < 20 | AM14: 22 | AN14: < 20 | AO14: < 20 | AP14: 587.13
A15: SPOT7 | B15: 20.08.2023 | D15: 67.105681 | E15: -136.09141 | I15: -21.29 | J15: -167.1 | K15: 3.2 | O15: 41 | P15: 0.1281 | Q15: 466 | R15: 2.575 | T15: 0.08 | U15: =100/R15*T15 -> 3.1067961 | V15: -31.12 | W15: 0.142301 | X15: < 20 | Y15: < 20 | Z15: 110 | AA15: < 20 | AB15: 1.04 | AC15: 111 | AD15: 608 | AE15: 22.3 | AF15: < 0,10 | AG15: 2.3 | AH15: 833 | AI15: < 25 | AJ15: < 20 | AK15: < 20 | AL15: < 20 | AM15: 51 | AN15: < 20 | AO15: 32 | AP15: 1331.88
A16: sample point 8 | B16: 20.08.2023 | D16: 67.177106 | E16: -135.72466 | I16: -21.72 | J16: -171.9 | K16: 1.8 | W16: 0.163463 | X16: 27 | Y16: 34 | Z16: 99 | AA16: < 20 | AB16: 6.3 | AC16: 37.1 | AD16: 813 | AE16: 29.9 | AF16: < 0,10 | AG16: 0.74 | AH16: 208 | AI16: < 25 | AJ16: < 20 | AK16: < 20 | AL16: < 20 | AM16: < 20 | AN16: < 20 | AO16: < 20 | AP16: 910.19
A17: SPOT10 | B17: 20.08.2023 | D17: 67.178676 | E17: -135.82373 | I17: -20.16 | J17: -155.3 | K17: 5.9 | O17: 38 | P17: 0.1275 | Q17: 604 | R17: 0.166 | T17: 0.11 | U17: =100/R17*T17 -> 66.26506 | V17: -30.97 | W17: 0.359154 | X17: < 20 | Y17: 87 | Z17: 6.19 | AA17: < 20 | AB17: 0.21 | AC17: 2.3 | AD17: 29 | AE17: 0.54 | AF17: < 0,10 | AG17: 0.27 | AH17: 22 | AI17: < 25 | AJ17: < 20 | AK17: < 20 | AL17: < 20 | AM17: < 20 | AN17: < 20 | AO17: 25 | AP17: 63.86
A18: SPOT1 | B18: 45466 | C18: 0.65625 | D18: 65.715158 | E18: -137.99277 | I18: -22.1 | J18: -173.9 | K18: 2.9 | O18: 01 (FLOCHAR set) | P18: 1288 | Q18: 700 | R18: 12.28571 | X18: 58 | Y18: 55 | Z18: 64.9 | AA18: < 20 | AB18: 0.69 | AC18: 32.1 | AD18: 24 | AE18: 21.6 | AF18: < 0.10 | AG18: 0.27 | AH18: 317 | AI18: < 25 | AJ18: < 20 | AK18: < 20 | AL18: < 20 | AM18: < 20 | AN18: < 20 | AO18: < 20 | AP18: 672.15
A19: SPOT2 | B19: 45466 | C19: 0.58333333 | D19: 64.948668 | E19: -138.27699 | I19: -21.83 | J19: -172 | K19: 2.7 | O19: 02 (FLOCHAR set) | P19: 0.1286 | Q19: 675 | R19: 0.888889 | X19: < 20 | Y19: 165 | Z19: 29 | AA19: < 20 | AB19: 0.39 | AC19: 18.2 | AD19: < 20 | AE19: 1.32 | AF19: < 0.10 | AG19: 1.44 | AH19: 56 | AI19: < 25 | AJ19: < 20 | AK19: < 20 | AL19: < 20 | AM19: < 20 | AN19: < 20 | AO19: < 20 | AP19: 286.41
A20: SPOT3 | B20: 45465 | C20: 0.70833333 | D20: 64.777413 | E20: -138.36349 | I20: -22.38 | J20: -174.6 | K20: 4.5 | O20: 03 (FLOCHAR set) | P20: 0.1302 | Q20: 500 | R20: 1.2 | X20: < 20 | Y20: 72 | Z20: 50.8 | AA20: < 20 | AB20: 0.66 | AC20: 13.3 | AD20: < 20 | AE20: 4.48 | AF20: < 0.10 | AG20: 2.47 | AH20: 249 | AI20: < 25 | AJ20: < 20 | AK20: < 20 | AL20: < 20 | AM20: < 20 | AN20: < 20 | AO20: < 20 | AP20: 376.13
A21: SPOT4 | B21: 45465 | C21: 0.69444444 | D21: 64.835491 | E21: -138.36178 | I21: -21.94 | J21: -171.2 | K21: 4.3 | O21: 04 (FLOCHAR set) | P21: 0.129 | Q21: 550 | R21: 8.181818 | X21: 22 | Y21: 34 | Z21: 39.4 | AA21: < 20 | AB21: 0.59 | AC21: 20.9 | AD21: < 20 | AE21: 3.01 | AF21: < 0.10 | AG21: 1.33 | AH21: 198 | AI21: < 25 | AJ21: < 20 | AK21: < 20 | AL21: < 20 | AM21: < 20 | AN21: < 20 | AO21: < 20 | AP21: 385.25
A22: SPOT5 | B22: 45465 | C22: 0.80555556 | D22: 64.605771 | E22: -138.34077 | I22: -21.97 | J22: -170.4 | K22: 5.4 | O22: 05 (FLOCHAR set) | P22: 0.1297 | Q22: 570 | R22: 15.26316 | X22: 88 | Y22: 24 | Z22: 57.4 | AA22: < 20 | AB22: 0.59 | AC22: 39.7 | AD22: 228 | AE22: 3.45 | AF22: < 0.10 | AG22: 0.37 | AH22: 389 | AI22: < 25 | AJ22: < 20 | AK22: < 20 | AL22: < 20 | AM22: 41 | AN22: < 20 | AO22: 73 | AP22: 613.27
A23: SPOT6 | B23: 45467 | C23: 0.34375 | D23: 67.079407 | E23: -136.16746 | I23: -20.87 | J23: -159.8 | K23: 7.2 | O23: 06 (FLOCHAR set) | P23: 0.1304 | Q23: 550 | R23: 0.909091 | X23: 39 | Y23: 46 | Z23: 17.3 | AA23: < 20 | AB23: 0.41 | AC23: 10.7 | AD23: 23 | AE23: 1.6 | AF23: < 0.10 | AG23: < 0.10 | AH23: 57 | AI23: < 25 | AJ23: < 20 | AK23: < 20 | AL23: < 20 | AM23: 21 | AN23: < 20 | AO23: 52 | AP23: 214
A24: SPOT7 | B24: 45467 | C24: 0.34722222 | D24: 67.105681 | E24: -136.09141 | I24: -22.17 | J24: -170.6 | K24: 6.8 | O24: 08 (FLOCHAR set) | P24: 0.129 | Q24: 653.8 | R24: 1.223616 | X24: < 20 | Y24: < 20 | Z24: 53 | AA24: < 20 | AB24: 0.71 | AC24: 52.8 | AD24: 290 | AE24: 13.2 | AF24: < 0.10 | AG24: 1.55 | AH24: 447 | AI24: < 25 | AJ24: < 20 | AK24: < 20 | AL24: < 20 | AM24: 29 | AN24: < 20 | AO24: 21 | AP24: 793.12
A25: sample 8 | B25: 45467 | C25: 0.6875 | D25: 67.177106 | E25: -135.72466 | I25: -23.02 | J25: -179.8 | K25: 4.3 | O25: 07 (FLOCHAR set) | P25: 0.1303 | Q25: 80 | R25: 2987.5 | S25: after drying filter got partly stuck to petri dish, some residues left on petri dish | X25: 45 | Y25: 45 | Z25: 23.4 | AA25: 30 | AB25: 2.49 | AC25: 7.68 | AD25: 153 | AE25: 6.95 | AF25: < 0.10 | AG25: 0.29 | AH25: 53 | AI25: < 25 | AJ25: < 20 | AK25: < 20 | AL25: < 20 | AM25: < 20 | AN25: < 20 | AO25: < 20 | AP25: 229.42
A26: sample 9 | B26: 45467 | C26: 0.66666667 | D26: 67.177111 | E26: -135.72767 | I26: -23.55 | J26: -182.4 | K26: 6 | O26: 09 (FLOCHAR set) | P26: 0.1299 | Q26: 699.1 | R26: 2.288657 | X26: < 20 | Y26: 22 | Z26: 8.78 | AA26: < 20 | AB26: 0.43 | AC26: 3.06 | AD26: < 20 | AE26: 0.83 | AF26: < 0.10 | AG26: 1.01 | AH26: 67 | AI26: < 25 | AJ26: < 20 | AK26: < 20 | AL26: < 20 | AM26: < 20 | AN26: < 20 | AO26: < 20 | AP26: 82.75
A27: SPOT10 | B27: 45467 | C27: 0.375 | D27: 67.178676 | E27: -135.82373 | I27: -21.97 | J27: -168.6 | K27: 7.2 | O27: 10 (FLOCHAR set) | P27: 0.1305 | Q27: 665.9 | R27: 0.300345 | X27: < 20 | Y27: 56 | Z27: 4.49 | AA27: < 20 | AB27: 0.26 | AC27: 1.5 | AD27: < 20 | AE27: 0.33 | AF27: < 0.10 | AG27: 0.14 | AH27: < 20 | AI27: < 25 | AJ27: < 20 | AK27: < 20 | AL27: < 20 | AM27: < 20 | AN27: < 20 | AO27: < 20 | AP27: 48.05
A28: Ferry Crossing FMP | B28: 45467 | C28: 0.70833333 | D28: 67.338832 | E28: -134.87372 | O28: 11 (FLOCHAR set) | P28: 0.1288 | Q28: 586.6 | R28: 64.78009 | X28: < 20 | Y28: 33 | Z28: 34.2 | AA28: < 20 | AB28: 0.56 | AC28: 19.7 | AD28: < 20 | AE28: 5.46 | AF28: < 0.10 | AG28: 1.15 | AH28: 125 | AI28: < 25 | AJ28: < 20 | AK28: < 20 | AL28: < 20 | AM28: < 20 | AN28: < 20 | AO28: < 20 | AP28: 358.61
A29: RSP2 D | B29: 45533 | C29: / | O29: 147 (FLOCHAR set) | P29: 0.1281 | Q29: 1000 | R29: 2.2 | X29: < 20 | Y29: 177 | Z29: 29.7 | AA29: < 20 | AB29: 0.22 | AC29: 15.3 | AD29: < 20 | AE29: 0.87 | AF29: < 0.10 | AG29: 1.83 | AH29: 55 | AI29: < 25 | AJ29: < 20 | AK29: < 20 | AL29: < 20 | AM29: < 20 | AN29: < 20 | AO29: < 20 | AP29: 262.97
A30: RSP3 B | B30: 45533 | C30: / | O30: 143 (FLOCHAR set) | P30: 0.129 | Q30: 1050 | R30: 1.333333 | X30: < 20 | Y30: 55 | Z30: 40.7 | AA30: < 20 | AB30: 0.66 | AC30: 12.8 | AD30: < 20 | AE30: 4.23 | AF30: < 0.10 | AG30: 2.62 | AH30: 216 | AI30: < 25 | AJ30: < 20 | AK30: < 20 | AL30: < 20 | AM30: < 20 | AN30: < 20 | AO30: < 20 | AP30: 332.87
A31: RSP4 C | B31: 45533 | C31: / | O31: 145 (FLOCHAR set) | P31: 0.1297 | Q31: 1100 | R31: 5.363636 | X31: 56 | Y31: 61 | Z31: 57.7 | AA31: < 20 | AB31: 0.67 | AC31: 26.4 | AD31: 77 | AE31: 3.5 | AF31: < 0.10 | AG31: 1.32 | AH31: 253 | AI31: < 25 | AJ31: < 20 | AK31: < 20 | AL31: < 20 | AM31: 25 | AN31: < 20 | AO31: < 20 | AP31: 508.92
A32: RSP5 A | B32: 45533 | C32: / | O32: 149 (FLOCHAR set) | P32: 0.1287 | Q32: 900 | R32: 14 | X32: 172 | Y32: 28 | Z32: 79.2 | AA32: < 20 | AB32: 0.74 | AC32: 53.3 | AD32: 728 | AE32: 5.24 | AF32: < 0.10 | AG32: 0.51 | AH32: 524 | AI32: < 25 | AJ32: < 20 | AK32: < 20 | AL32: < 20 | AM32: 61 | AN32: < 20 | AO32: 38 | AP32: 855.31
A33: RSP1 E | B33: 45534 | C33: / | O33: 150 (FLOCHAR set) | P33: 0.1318 | Q33: 900 | R33: 12 | X33: 71 | Y33: 72 | Z33: 68.5 | AA33: < 20 | AB33: 0.65 | AC33: 33.1 | AD33: 47 | AE33: 25.3 | AF33: < 0.10 | AG33: 0.48 | AH33: 350 | AI33: < 25 | AJ33: < 20 | AK33: < 20 | AL33: < 20 | AM33: 22 | AN33: < 20 | AO33: < 20 | AP33: 704.8
A34: RSP6 | B34: 45534 | C34: / | O34: 146 (FLOCHAR set) | P34: 0.13 | Q34: 1000 | R34: 13.9 | X34: 34 | Y34: 38 | Z34: 13.6 | AA34: 28 | AB34: 0.51 | AC34: 8.59 | AD34: 36 | AE34: 1.45 | AF34: < 0.10 | AG34: < 0.10 | AH34: 43 | AI34: < 25 | AJ34: < 20 | AK34: < 20 | AL34: < 20 | AM34: < 20 | AN34: < 20 | AO34: 38 | AP34: 172.84
A35: RSP8 | B35: 45534 | C35: / | O35: 151 (FLOCHAR set) | P35: 0.13 | Q35: 100 | R35: 353 | X35: 42 | Y35: 63 | Z35: 15.6 | AA35: 177 | AB35: 0.56 | AC35: 7 | AD35: 309 | AE35: 1.82 | AF35: < 0.10 | AG35: 0.35 | AH35: 42 | AI35: < 25 | AJ35: < 20 | AK35: < 20 | AL35: < 20 | AM35: < 20 | AN35: < 20 | AO35: 30 | AP35: 166.64
A36: RSP9 | B36: 45534 | C36: / | O36: 148 (FLOCHAR set) | P36: 0.1302 | Q36: 1000 | R36: 2.8 | X36: < 20 | Y36: 35 | Z36: 14 | AA36: 40 | AB36: 0.43 | AC36: 5.14 | AD36: < 20 | AE36: 1.47 | AF36: < 0.10 | AG36: 1.89 | AH36: 104 | AI36: < 25 | AJ36: < 20 | AK36: < 20 | AL36: < 20 | AM36: < 20 | AN36: < 20 | AO36: < 20 | AP36: 127.88
A37: RSP10 | B37: 45534 | C37: / | O37: 144 (FLOCHAR set) | P37: 0.1308 | Q37: 1100 | R37: 0.909091 | X37: < 20 | Y37: 109 | Z37: 8.93 | AA37: < 20 | AB37: 0.31 | AC37: 3.38 | AD37: 57 | AE37: 0.7 | AF37: < 0.10 | AG37: 0.36 | AH37: 29 | AI37: < 25 | AJ37: < 20 | AK37: < 20 | AL37: < 20 | AM37: < 20 | AN37: < 20 | AO37: 38 | AP37: 94.75
A38: Fort McPherson | B38: 45535 | C38: / | O38: 152 (FLOCHAR set) | P38: 0.1294 | Q38: 80 | R38: 421.25 | X38: < 20 | Y38: 55 | Z38: 53.3 | AA38: < 20 | AB38: 0.68 | AC38: 25.5 | AD38: < 20 | AE38: 8.08 | AF38: < 0.10 | AG38: 1 | AH38: 206 | AI38: < 25 | AJ38: < 20 | AK38: < 20 | AL38: < 20 | AM38: < 20 | AN38: < 20 | AO38: < 20 | AP38: 501.11
A39: GF/F Filterblank#1 | B39: 45543 | C39: 0.77083333 | O39: 153 (FLOCHAR set) | P39: 0.1307 | Q39: 1000 | R39: 0.3
A40: GF/F Filterblank#2 | B40: 45543 | C40: 0.77083333 | O40: 154 (FLOCHAR set) | P40: 0.131 | Q40: 900 | R40: 0.111111
A41: GF/F Filterblank#3 | B41: 45543 | C41: 0.77083333 | O41: 155 (FLOCHAR set) | P41: 0.1296 | Q41: 1000 | R41: 0.2
A42: GF/F Filterblank#4 | B42: 45543 | C42: 0.77083333 | O42: 156 (FLOCHAR set) | P42: 0.1295 | Q42: 1000 | R42: 0.2
A43: GF/F Filterblank#5 | B43: 45543 | C43: 0.77083333 | O43: 157 (FLOCHAR set) | P43: 0.1306 | Q43: 1000 | R43: 0.2
A44: SPOT1 | B44: 23.06.24 | C44: 0.65625 | O44: 01 (FLOCHAR set) | P44: 0.1288 | Q44: 0.1374 | R44: 12.285714
A45: SPOT2 | B45: 23.06.24 | C45: 0.58333333 | O45: 02 (FLOCHAR set) | P45: 0.1286 | Q45: 0.1292 | R45: 0.88888889
A46: SPOT3 | B46: 22.06.24 | C46: 0.70833333 | O46: 03 (FLOCHAR set) | P46: 0.1302 | Q46: 0.1308 | R46: 1.2
A47: SPOT4 | B47: 22.06.24 | C47: 0.69444444 | O47: 04 (FLOCHAR set) | P47: 0.129 | Q47: 0.1335 | R47: 8.1818182
A48: SPOT5 | B48: 22.06.24 | C48: 0.80555556 | O48: 05 (FLOCHAR set) | P48: 0.1297 | Q48: 0.1384 | R48: 15.263158
A49: SPOT6 | B49: 24.06.24 | C49: 0.34375 | O49: 06 (FLOCHAR set) | P49: 0.1304 | Q49: 0.1309 | R49: 0.90909091
A50: SPOT7 | B50: 24.06.24 | C50: 0.34722222 | O50: 08 (FLOCHAR set) | P50: 0.129 | Q50: 0.1298 | R50: 1.2236158
A51: sample 8 | B51: 24.06.24 | C51: 0.6875 | O51: 07 (FLOCHAR set) | P51: 0.1303 | Q51: 0.3693 | R51: 2987.5
A52: sample 9 | B52: 24.06.24 | C52: 0.66666667 | O52: 09 (FLOCHAR set) | P52: 0.1299 | Q52: 0.1315 | R52: 2.2886568
A53: SPOT10 | B53: 24.06.24 | C53: 0.375 | O53: 10 (FLOCHAR set) | P53: 0.1305 | Q53: 0.1307 | R53: 0.3003454
A54: Ferry Crossing FMP | B54: 24.06.24 | C54: 0.70833333 | O54: 11 (FLOCHAR set) | P54: 0.1288 | Q54: 0.1668 | R54: 64.780089
A55: RSP2 D | B55: 29.08.24 | C55: / | O55: 147 (FLOCHAR set) | P55: 0.1281 | Q55: 0.1303 | R55: 2.2
A56: RSP3 B | B56: 29.08.24 | C56: / | O56: 143 (FLOCHAR set) | P56: 0.129 | Q56: 0.1304 | R56: 1.3333333
A57: RSP4 C | B57: 29.08.24 | C57: / | O57: 145 (FLOCHAR set) | P57: 0.1297 | Q57: 0.1356 | R57: 5.3636364
A58: RSP5 A | B58: 29.08.24 | C58: / | O58: 149 (FLOCHAR set) | P58: 0.1287 | Q58: 0.1413 | R58: 14
A59: RSP1 E | B59: 30.08.24 | C59: / | O59: 150 (FLOCHAR set) | P59: 0.1318 | Q59: 0.1426 | R59: 12
A60: RSP6 | B60: 30.08.24 | C60: / | O60: 146 (FLOCHAR set) | P60: 0.13 | Q60: 0.1439 | R60: 13.9
A61: RSP8 | B61: 30.08.24 | C61: / | O61: 151 (FLOCHAR set) | P61: 0.13 | Q61: 0.1653 | R61: 353
A62: RSP9 | B62: 30.08.24 | C62: / | O62: 148 (FLOCHAR set) | P62: 0.1302 | Q62: 0.133 | R62: 2.8
A63: RSP10 | B63: 30.08.24 | C63: / | O63: 144 (FLOCHAR set) | P63: 0.1308 | Q63: 0.1318 | R63: 0.90909091
A64: Fort McPherson | B64: 31.08.24 | C64: / | O64: 152 (FLOCHAR set) | P64: 0.1294 | Q64: 0.1631 | R64: 421.25
A65: GF/F Filterblank#1 | B65: 08.09.24 | C65: 0.77083333 | O65: 153 (FLOCHAR set) | P65: 0.1307 | Q65: 0.131 | R65: 0.3
A66: GF/F Filterblank#2 | B66: 08.09.24 | C66: 0.77083333 | O66: 154 (FLOCHAR set) | P66: 0.131 | Q66: 0.1311 | R66: 0.11111111
A67: GF/F Filterblank#3 | B67: 08.09.24 | C67: 0.77083333 | O67: 155 (FLOCHAR set) | P67: 0.1296 | Q67: 0.1298 | R67: 0.2
A68: GF/F Filterblank#4 | B68: 08.09.24 | C68: 0.77083333 | O68: 156 (FLOCHAR set) | P68: 0.1295 | Q68: 0.1297 | R68: 0.2
A69: GF/F Filterblank#5 | B69: 08.09.24 | C69: 0.77083333 | O69: 157 (FLOCHAR set) | P69: 0.1306 | Q69: 0.1308 | R69: 0.2

Sheet Discharge_Gauge
A1: river | B1: agency | C1: station_code | D1: station_name | E1: date | F1: discharge | G1: flag
A2: Mackenzie | B2: Water Survey of Canada | C2: 10LC014 | D2: Arctic Red River | E2: 26379 | F2: 2290 | G2: A
A3: Mackenzie | B3: NA | C3: NA | D3: NA | E3: 26380 | F3: NA | G3: NA
A4: Mackenzie | B4: NA | C4: NA | D4: NA | E4: 26381 | F4: NA | G4: NA
A5: Mackenzie | B5: NA | C5: NA | D5: NA | E5: 26382 | F5: NA | G5: NA
A6: Mackenzie | B6: NA | C6: NA | D6: NA | E6: 26383 | F6: NA | G6: NA
A7: Mackenzie | B7: NA | C7: NA | D7: NA | E7: 26384 | F7: NA | G7: NA
A8: Mackenzie | B8: NA | C8: NA | D8: NA | E8: 26385 | F8: NA | G8: NA
A9: Mackenzie | B9: NA | C9: NA | D9: NA | E9: 26386 | F9: NA | G9: NA
A10: Mackenzie | B10: NA | C10: NA | D10: NA | E10: 26387 | F10: NA | G10: NA
A11: Mackenzie | B11: NA | C11: NA | D11: NA | E11: 26388 | F11: NA | G11: NA
A12: Mackenzie | B12: NA | C12: NA | D12: NA | E12: 26389 | F12: NA | G12: NA
A13: Mackenzie | B13: NA | C13: NA | D13: NA | E13: 26390 | F13: NA | G13: NA
A14: Mackenzie | B14: NA | C14: NA | D14: NA | E14: 26391 | F14: NA | G14: NA
... A51: Mackenzie | B51: NA | C51: NA | D51: NA | E51: 26428 | F51: NA | G51: NA
A52: Mackenzie | B52: Water Survey of Canada | C52: 10LC014 | D52: Arctic Red River | E52: 26429 | F52: 2970 | G52: A
A53: Mackenzie | B53: NA | C53: NA | D53: NA | E53: 26430 | F53: NA | G53: NA
A54: Mackenzie | B54: NA | C54: NA | D54: NA | E54: 26431 | F54: NA | G54: NA
A55: Mackenzie | B55: NA | C55: NA | D55: NA | E55: 26432 | F55: NA | G55: NA
A56: Mackenzie | B56: NA | C56: NA | D56: NA | E56: 26433 | F56: NA | G56: NA
A57: Mackenzie | B57: NA | C57: NA | D57: NA | E57: 26434 | F57: NA | G57: NA
A58: Mackenzie | B58: NA | C58: NA | D58: NA | E58: 26435 | F58: NA | G58: NA
A59: Mackenzie | B59: NA | C59: NA | D59: NA | E59: 26436 | F59: NA | G59: NA
A60: Mackenzie | B60: NA | C60: NA | D60: NA | E60: 26437 | F60: NA | G60: NA
A61: Mackenzie | B61: NA | C61: NA | D61: NA | E61: 26438 | F61: NA | G61: NA
A62: Mackenzie | B62: NA | C62: NA | D62: NA | E62: 26439 | F62: NA | G62: NA
A63: Mackenzie | B63: NA | C63: NA | D63: NA | E63: 26440 | F63: NA | G63: NA
A64: Mackenzie | B64: NA | C64: NA | D64: NA | E64: 26441 | F64: NA | G64: NA
... A114: Mackenzie | B114: NA | C114: NA | D114: NA | E114: 26491 | F114: NA | G114: NA
A115: Mackenzie | B115: Water Survey of Canada | C115: 10LC014 | D115: Arctic Red River | E115: 26492 | F115: 17600 | G115: A
A116: Mackenzie | B116: Water Survey of Canada | C116: 10LC014 | D116: Arctic Red River | E116: 26493 | F116: 17100 | G116: A
A117: Mackenzie | B117: Water Survey of Canada | C117: 10LC014 | D117: Arctic Red River | E117: 26494 | F117: 16600 | G117: A
A118: Mackenzie | B118: Water Survey of Canada | C118: 10LC014 | D118: Arctic Red River | E118: 26495 | F118: 16100 | G118: A
A119: Mackenzie | B119: Water Survey of Canada | C119: 10LC014 | D119: Arctic Red River | E119: 26496 | F119: 15800 | G119: A
A120: Mackenzie | B120: Water Survey of Canada | C120: 10LC014 | D120: Arctic Red River | E120: 26497 | F120: 15500 | G120: A
A121: Mackenzie | B121: Water Survey of Canada | C121: 10LC014 | D121: Arctic Red River | E121: 26498 | F121: 15300 | G121: A
A122: Mackenzie | B122: Water Survey of Canada | C122: 10LC014 | D122: Arctic Red River | E122: 26499 | F122: 15100 | G122: A
A123: Mackenzie | B123: NA | C123: NA | D123: NA | E123: 26500 | F123: NA | G123: NA
A124: Mackenzie | B124: NA | C124: NA | D124: NA | E124: 26501 | F124: NA | G124: NA
A125: Mackenzie | B125: NA | C125: NA | D125: NA | E125: 26502 | F125: NA | G125: NA
A126: Mackenzie | B126: NA | C126: NA | D126: NA | E126: 26503 | F126: NA | G126: NA
A127: Mackenzie | B127: NA | C127: NA | D127: NA | E127: 26504 | F127: NA | G127: NA
A128: Mackenzie | B128: NA | C128: NA | D128: NA | E128: 26505 | F128: NA | G128: NA
A129: Mackenzie | B129: NA | C129: NA | D129: NA | E129: 26506 | F129: NA | G129: NA
A130: Mackenzie | B130: NA | C130: NA | D130: NA | E130: 26507 | F130: NA | G130: NA
A131: Mackenzie | B131: NA | C131: NA | D131: NA | E131: 26508 | F131: NA | G131: NA
A132: Mackenzie | B132: NA | C132: NA | D132: NA | E132: 26509 | F132: NA | G132: NA
A133: Mackenzie | B133: NA | C133: NA | D133: NA | E133: 26510 | F133: NA | G133: NA
A134: Mackenzie | B134: NA | C134: NA | D134: NA | E134: 26511 | F134: NA | G134: NA
... A148: Mackenzie | B148: NA | C148: NA | D148: NA | E148: 26525 | F148: NA | G148: NA
A149: Mackenzie | B149: Water Survey of Canada | C149: 10LC014 | D149: Arctic Red River | E149: 26526 | F149: 15700 | G149: A
A150: Mackenzie | B150: Water Survey of Canada | C150: 10LC014 | D150: Arctic Red River | E150: 26527 | F150: 15500 | G150: A
A151: Mackenzie | B151: Water Survey of Canada | C151: 10LC014 | D151: Arctic Red River | E151: 26528 | F151: 15200 | G151: A
A152: Mackenzie | B152: Water Survey of Canada | C152: 10LC014 | D152: Arctic Red River | E152: 26529 | F152: 14900 | G152: A
A153: Mackenzie | B153: Water Survey of Canada | C153: 10LC014 | D153: Arctic Red River | E153: 26530 | F153: 14500 | G153: A
A154: Mackenzie | B154: Water Survey of Canada | C154: 10LC014 | D154: Arctic Red River | E154: 26531 | F154: 14300 | G154: A
A155: Mackenzie | B155: Water Survey of Canada | C155: 10LC014 | D155: Arctic Red River | E155: 26532 | F155: 14300 | G155: A
A156: Mackenzie | B156: Water Survey of Canada | C156: 10LC014 | D156: Arctic Red River | E156: 26533 | F156: 14200 | G156: A
A157: Mackenzie | B157: Water Survey of Canada | C157: 10LC014 | D157: Arctic Red River | E157: 26534 | F157: 14100 | G157: A
A158: Mackenzie | B158: Water Survey of Canada | C158: 10LC014 | D158: Arctic Red River | E158: 26535 | F158: 14000 | G158: A
A159: Mackenzie | B159: Water Survey of Canada | C159: 10LC014 | D159: Arctic Red River | E159: 26536 | F159: 14000 | G159: A
A160: Mackenzie | B160: Water Survey of Canada | C160: 10LC014 | D160: Arctic Red River | E160: 26537 | F160: 13900 | G160: A
... A9357: Mackenzie | B9357: Water Survey of Canada | C9357: 10LC014 | D9357: Arctic Red River | E9357: 35734 | F9357: 10200 | G9357: A
A9358: Mackenzie | B9358: NA | C9358: NA | D9358: NA | E9358: 35735 | F9358: NA | G9358: NA
A9359: Mackenzie | B9359: NA | C9359: NA | D9359: NA | E9359: 35736 | F9359: NA | G9359: NA
A9360: Mackenzie | B9360: NA | C9360: NA | D9360: NA | E9360: 35737 | F9360: NA | G9360: NA
A9361: Mackenzie | B9361: NA | C9361: NA | D9361: NA | E9361: 35738 | F9361: NA | G9361: NA
A9362: Mackenzie | B9362: NA | C9362: NA | D9362: NA | E9362: 35739 | F9362: NA | G9362: NA
A9363: Mackenzie | B9363: NA | C9363: NA | D9363: NA | E9363: 35740 | F9363: NA | G9363: NA
A9364: Mackenzie | B9364: NA | C9364: NA | D9364: NA | E9364: 35741 | F9364: NA | G9364: NA
A9365: Mackenzie | B9365: NA | C9365: NA | D9365: NA | E9365: 35742 | F9365: NA | G9365: NA
A9366: Mackenzie | B9366: NA | C9366: NA | D9366: NA | E9366: 35743 | F9366: NA | G9366: NA
A9367: Mackenzie | B9367: NA | C9367: NA | D9367: NA | E9367: 35744 | F9367: NA | G9367: NA
A9368: Mackenzie | B9368: NA | C9368: NA | D9368: NA | E9368: 35745 | F9368: NA | G9368: NA
A9369: Mackenzie | B9369: NA | C9369: NA | D9369: NA | E9369: 35746 | F9369: NA | G9369: NA
... A9508: Mackenzie | B9508: NA | C9508: NA | D9508: NA | E9508: 35885 | F9508: NA | G9508: NA
A9509: Mackenzie | B9509: Water Survey of Canada | C9509: 10LC014 | D9509: Arctic Red River | E9509: 35886 | F9509: 4900 | G9509: A
A9510: Mackenzie | B9510: Water Survey of Canada | C9510: 10LC014 | D9510: Arctic Red River | E9510: 35887 | F9510: 4910 | G9510: A
A9511: Mackenzie | B9511: Water Survey of Canada | C9511: 10LC014 | D9511: Arctic Red River | E9511: 35888 | F9511: 4910 | G9511: A
A9512: Mackenzie | B9512: Water Survey of Canada | C9512: 10LC014 | D9512: Arctic Red River | E9512: 35889 | F9512: 4920 | G9512: A
A9513: Mackenzie | B9513: Water Survey of Canada | C9513: 10LC014 | D9513: Arctic Red River | E9513: 35890 | F9513: 4920 | G9513: A
A9514: Mackenzie | B9514: Water Survey of Canada | C9514: 10LC014 | D9514: Arctic Red River | E9514: 35891 | F9514: 4930 | G9514: A
A9515: Mackenzie | B9515: Water Survey of Canada | C9515: 10LC014 | D9515: Arctic Red River | E9515: 35892 | F9515: 4930 | G9515: A
A9516: Mackenzie | B9516: Water Survey of Canada | C9516: 10LC014 | D9516: Arctic Red River | E9516: 35893 | F9516: 4940 | G9516: A
A9517: Mackenzie | B9517: Water Survey of Canada | C9517: 10LC014 | D9517: Arctic Red River | E9517: 35894 | F9517: 4950 | G9517: A
A9518: Mackenzie | B9518: Water Survey of Canada | C9518: 10LC014 | D9518: Arctic Red River | E9518: 35895 | F9518: 4960 | G9518: A
A9519: Mackenzie | B9519: Water Survey of Canada | C9519: 10LC014 | D9519: Arctic Red River | E9519: 35896 | F9519: 4970 | G9519: A
A9520: Mackenzie | B9520: Water Survey of Canada | C9520: 10LC014 | D9520: Arctic Red River | E9520: 35897 | F9520: 4970 | G9520: A
... A18618: Mackenzie | B18618: Water Survey of Canada | C18618: 10LC014 | D18618: Arctic Red River | E18618: 44995 | F18618: 8839 | G18618: P
A18619: Mackenzie | B18619: NA | C18619: NA | D18619: NA | E18619: 44996 | F18619: NA | G18619: NA
A18620: Mackenzie | B18620: NA | C18620: NA | D18620: NA | E18620: 44997 | F18620: NA | G18620: NA
A18621: Mackenzie | B18621: NA | C18621: NA | D18621: NA | E18621: 44998 | F18621: NA | G18621: NA
A18622: Mackenzie | B18622: NA | C18622: NA | D18622: NA | E18622: 44999 | F18622: NA | G18622: NA
A18623: Mackenzie | B18623: NA | C18623: NA | D18623: NA | E18623: 45000 | F18623: NA | G18623: NA
A18624: Mackenzie | B18624: NA | C18624: NA | D18624: NA | E18624: 45001 | F18624: NA | G18624: NA
A18625: Mackenzie | B18625: NA | C18625: NA | D18625: NA | E18625: 45002 | F18625: NA | G18625: NA
A18626: Mackenzie | B18626: NA | C18626: NA | D18626: NA | E18626: 45003 | F18626: NA | G18626: NA
A18627: Mackenzie | B18627: NA | C18627: NA | D18627: NA | E18627: 45004 | F18627: NA | G18627: NA
A18628: Mackenzie | B18628: NA | C18628: NA | D18628: NA | E18628: 45005 | F18628: NA | G18628: NA
A18629: Mackenzie | B18629: NA | C18629: NA | D18629: NA | E18629: 45006 | F18629: NA | G18629: NA
...

Sheet Isoptopes_full
A1: ID | B1: Date | C1: Time | D1: d18O (pro mille) | E1: 1 σ | F1: dD (pro mille) | G1: 1 σ | H1: D - excess (pro mille)
A2: 1 | B2: 45050 | C2: 0.625 | D2: -18.42 | E2: 0.02 | F2: -149.8 | G2: 0.1 | H2: -2.4
A3: TSI | B3: 45051 | C3: 0.5 | D3: -18.35 | F3: -149 | H3: -2.2
A4: blank 1 | B4: 45051
A5: 2 | B5: 45051 | C5: 0.64583333 | D5: -18.38 | E5: 0.02 | F5: -149 | G5: 0.1 | H5: -2
A6: 3 | B6: 45054 | C6: 0.45833333 | D6: -18.43 | E6: 0.02 | F6: -148.5 | G6: 0.1 | H6: -1.1
A7: 4 | B7: 45055 | C7: 0.41666667 | D7: -18.4 | E7: 0.01 | F7: -149.1 | G7: 0.2 | H7: -1.8
A8: 5 | B8: 45056 | C8: 0.41666667 | D8: -18.4 | E8: 0.01 | F8: -149.1 | G8: 0.2 | H8: -1.9
A9: 6 | B9: 45062 | C9: 0.38888889 | D9: -19.25 | E9: 0.01 | F9: -154.8 | G9: 0.2 | H9: -0.8
A10: 7 | B10: 45069 | C10: 0.41666667 | D10: -20.08 | E10: 0.02 | F10: -160.4 | G10: 0.2 | H10: 0.2
A11: blank 2 | B11: 45069
A12: 8 | B12: 45072 | C12: 0.45138889 | D12: -20.59 | E12: 0.01 | F12: -164.2 | G12: 0.1 | H12: 0.6
A13: 9 | B13: 45076 | C13: 0.46527778 | D13: -20.43 | E13: 0.02 | F13: -163.1 | G13: 0.3 | H13: 0.3
A14: 10 | B14: 45083 | C14: 0.56597222 | D14: -20.19 | E14: 0.01 | F14: -160.9 | G14: 0.1 | H14: 0.7
A15: Transect bottle #1 | B15: 45086
A16: Transect bottle #2 | B16: 45086
A17: Transect bottle #3 | B17: 45086
A18: 11 | B18: 45090 | C18: 0.5625 | D18: -19.89 | E18: 0.02 | F18: -158.8 | G18: 0.3 | H18: 0.3
A19: 12 | B19: 45097 | C19: 0.39930556 | D19: -19.76 | E19: 0.01 | F19: -158.2 | G19: 0.2 | H19: 0.1
A20: 13 | B20: 45104 | C20: 0.40972222 | D20: -19.54 | E20: 0.02 | F20: -156.2 | G20: 0.2 | H20: 0.1
A21: Transect bottle #1 | B21: 45104
A22: Transect bottle #2 | B22: 45104
A23: Transect bottle #3 | B23: 45104
A24: blank 3 | B24: 45106
A25: 14 | B25: 45111 | C25: 0.42291667 | D25: -19.25 | E25: 0.02 | F25: -154.5 | G25: 0.2 | H25: -0.6
A26: 15 | B26: 45118 | C26: 0.56597222 | D26: -19.18 | E26: 0.02 | F26: -153.4 | G26: 0.25 | H26: 0
A27: 16 | B27: 45125 | C27: 0.45486111 | D27: -19.06 | E27: 0.015 | F27: -155 | G27: 0.15 | H27: -2.5
A28: 17 | B28: 45132 | C28: 0.40972222 | D28: -18.97 | E28: 0.02 | F28: -154.3 | G28: 0.2 | H28: -2.6
A29: Transect bottle #1 | B29: 45132
A30: Transect bottle #2 | B30: 45132
A31: Transect bottle #3 | B31: 45132
A32: blank 4 | B32: 45132
A33: 18 | B33: 45139 | C33: 0.40972222 | D33: -18.92 | E33: 0.02 | F33: -152.7 | G33: 0.1 | H33: -1.3
A34: Discharge 1.1 | B34: 45140 | C34: 0.68888889
A35: Discharge 1.2 | B35: 45140 | C35: 0.69722222
A36: 19 | B36: 45146 | C36: 0.4375 | D36: -18.88 | E36: 0.015 | F36: -151.8 | G36: 0.2 | H36: -0.7
A37: Discharge 2.1 | B37: 45149 | C37: 0.63472222
A38: Discharge 2.2 | B38: 45149 | C38: 0.6375
A39: Discharge 2.3 | B39: 45149 | C39: 0.65416667
A40: Discharge 2.4 | B40: 45149 | C40: 0.65833333
A41: Discharge 2.5 | B41: 45149 | C41: 0.6625
A42: Discharge 2.6 | B42: 45149 | C42: 0.66458333
A43: 20 | B43: 45155 | C43: 0.42152778 | D43: -18.87 | E43: 0.015 | F43: -151.2 | G43: 0.1 | H43: -0.2
A44: 21 | B44: 45160 | C44: 0.57361111 | D44: -18.85 | E44: 0.01 | F44: -151.5 | G44: 0.1 | H44: -0.7
A45: blank 5 | B45: 45162
A46: Transect bottle #1 | B46: 45162
A47: Transect bottle #2 | B47: 45162
A48: Transect bottle #3 | B48: 45162
A49: 22 | B49: 45174 | C49: 0.56597222 | D49: -18.73 | E49: 0.02 | F49: -149.9 | G49: 0.1 | H49: -0.1
A50: 23 | B50: 45187 | C50: 0.62152778 | D50: -18.56 | E50: 0.02 | F50: -150.4 | G50: 0.2 | H50: -1.9
A51: 24 | B51: 45195 | C51: 0.43055556 | D51: -18.47 | E51: 0.01 | F51: -150.6 | G51: 0.25 | H51: -2.8
A52: 25 | B52: 45209 | C52: 0.43055556 | D52: -18.41 | E52: 0.02 | F52: -150.4 | G52: 0.2 | H52: -3.1
A53: 26 | B53: 45266 | C53: 0.4375 | D53: -18.66 | E53: 0.03 | F53: -152 | G53: 0.2 | H53: -2.7
A54: 27 | B54: 45271 | C54: 0.4375 | D54: -18.81 | E54: 0.015 | F54: -152.3 | G54: 0.15 | H54: -1.8
A55: 28 | B55: 45278 | C55: 0.45833333 | D55: -18.75 | E55: 0.02 | F55: -152.2 | G55: 0.2 | H55: -2.2
A56: 29 | B56: 45314 | C56: 0.60416667 | D56: -18.61 | E56: 0.015 | F56: -151.6 | G56: 0.15 | H56: -2.8
A57: 30 | B57: 45321 | C57: 0.45138889 | D57: -18.62 | E57: 0.02 | F57: -151.9 | G57: 0.15 | H57: -2.9
A58: 31 | B58: 45335 | C58: 0.41666667 | D58: -18.8 | E58: 0.02 | F58: -152 | G58: 0.2 | H58: -1.7
A59: 32 | B59: 45352 | C59: 0.45833333 | D59: -18.94 | E59: 0.015 | F59: -154 | G59: 0.1 | H59: -2.5
A60: 33 | B60: 45362 | C60: 0.625 | D60: -19.12 | E60: 0.015 | F60: -155.3 | G60: 0.1 | H60: -2.4
... A67: 40 | B67: 45463 | C67: 0.60208333 | D67: -19.83 | E67: 0.015 | F67: -158.8 | G67: 0.3 | H67: -0.2
A68: Transect bottle #2 | B68: 45463
A69: Transect bottle #3 | B69: 45463
A70: 41 | B70: 45470 | C70: 0.41666667 | D70: -19.4 | E70: 0.015 | F70: -156.9 | G70: 0.2 | H70: -1.7
A71: Transect bottle #2 | B71: 45470
A72: Transect bottle #3 | B72: 45470
A73: 42 | B73: 45475 | C73: 0.44930556 | D73: -19.32 | E73: 0.02 | F73: -154.7 | G73: 0.4 | H73: -0.1
A74: 43 | B74: 45484 | C74: 0.36458333 | D74: -19.54 | E74: 0.025 | F74: -156.6 | G74: 0.2 | H74: -0.2
A75: 44 | B75: 45490 | C75: 0.375 | D75: -19.24 | E75: 0.025 | F75: -155.2 | G75: 0.3 | H75: -1.3
A76: 45 | B76: 45497 | C76: 0.39583333 | D76: -19.22 | E76: 0.015 | F76: -155.3 | G76: 0.2 | H76: -1.5
A77: 46 | B77: 45510 | C77: 0.46458333 | D77: -18.63 | E77: 0.035 | F77: -151.6 | G77: 0.4 | H77: -2.6
A78: 47 | B78: 45517 | C78: 0.41666667 | D78: -18.74 | E78: 0.035 | F78: -151.3 | G78: 0.3 | H78: -1.4
A79: 48 | B79: 45518 | C79: 0.38541667 | D79: -18.72 | E79: 0.015 | F79: -151.6 | G79: 0.3 | H79: -1.9
A80: 49 | B80: 45520 | C80: 0.60416667 | D80: -18.61 | E80: 0.015 | F80: -151.7 | G80: 0.2 | H80: -2.8
A81: 50 | B81: 45522 | C81: 0.61111111 | D81: -18.67 | E81: 0.02 | F81: -150.8 | G81: 0.15 | H81: -1.4
A82: 51 | B82: 45524 | C82: 0.60069444 | D82: -18.6 | E82: 0.02 | F82: -150.4 | G82: 0.15 | H82: -1.6
A83: 52 | B83: 45526 | C83: 0.61458333 | D83: -18.49 | E83: 0.01 | F83: -150.6 | G83: 0.3 | H83: -2.7
A84: 57 | B84: 45530 | C84: 0.5 | D84: -18.55 | E84: 0.01 | F84: -151.2 | G84: 0.3 | H84: -2.8
... A90: 59 | B90: 45546 | C90: 0.55833333 | D90: -18.39 | E90: 0.02 | F90: -151.2 | G90: 0.35 | H90: -4.2
A91: blank 6 | B91: 45546 | C91: 0.75
A92: 60 | B92: 45548 | C92: 0.5 | D92: -18.62 | E92: 0.02 | F92: -151.7 | G92: 0.15 | H92: -2.8
A93: 61 | B93: 45567 | C93: 0.59375 | D93: -18.63 | E93: 0.02 | F93: -151.4 | G93: 0.2 | H93: -2.3
A94: 62 | B94: 45574 | C94: 0.45138889 | D94: -18.72 | E94: 0.01 | F94: -152.3 | G94: 0.2 | H94: -2.6
A95: 63 | B95: 45580 | C95: 0.47916667 | D95: -18.51 | E95: 0.01 | F95: -150.1 | G95: 0.3 | H95: -2
A96: 64 | B96: 45597 | C96: 0.4375 | D96: -18.55 | E96: 0.02 | F96: -151.9 | G96: 0.3 | H96: -3.5
A97: 65 | B97: 45608 | C97: 0.45138889 | D97: -18.69 | E97: 0.01 | F97: -152.8 | G97: 0.2 | H97: -3.2
A98: 66 | B98: 45622 | C98: 0.57291667 | D98: -19.03 | E98: 0.02 | F98: -154.6 | G98: 0.3 | H98: -2.3
A99: 67 | B99: 45636 | C99: 0.46875 | D99: -19.05 | E99: 0.02 | F99: -155.1 | G99: 0.1 | H99: -2.7
A100: 68 | B100: 45645 | C100: 0.5625 | D100: -18.95 | E100: 0.01 | F100: -155.5 | G100: 0.3 | H100: -3.9
A101: 69 | B101: 45666 | C101: 0.58333333 | D101: -18.84 | E101: 0.02 | F101: -153.9 | G101: 0.2 | H101: -3.2
A102: 70 | B102: 45678 | C102: 0.44791667 | D102: -18.72 | E102: 0.01 | F102: -153.3 | G102: 0.3 | H102: -3.5
A103: 71 | B103: 45692 | C103: 0.4375 | D103: -18.49 | E103: 0.01 | F103: -151.1 | G103: 0.2 | H103: -3.2
... A107: 75 | B107: 45744 | C107: 0.59375 | D107: -18.61 | E107: 0.01 | F107: -150.7 | G107: 0.1 | H107: -1.8

Sheet POC_full

Sheet DUCCEM_full_CDOM
A1: ID | B1: Date | C1: Time (local) | D1: Lat (DecDeg) | E1: Lon (DecDeg) | F1: Temp_degC (Â°C) | G1: Cond_ÂµScm (ÂµS/cm) | H1: DOC calculated (viaCDOM443) (mg L-1) | I1: ID | J1: CuvetteLength (m) | K1: aCDOM(200) | L1: aCDOM(201) | M1: aCDOM(202) | N1: aCDOM(203) | O1: aCDOM(204) | P1: aCDOM(205) | Q1: aCDOM(206) | R1: aCDOM(207) | S1: aCDOM(208) | T1: aCDOM(209) | U1: aCDOM(210) | V1: aCDOM(211) | W1: aCDOM(212) | X1: aCDOM(213) | Y1: aCDOM(214) | Z1: aCDOM(215) | AA1: aCDOM(216) | AB1: aCDOM(217) | AC1: aCDOM(218) | AD1: aCDOM(219) | AE1: aCDOM(220) | AF1: aCDOM(221) | AG1: aCDOM(222) | AH1: aCDOM(223) | AI1: aCDOM(224) | AJ1: aCDOM(225) | AK1: aCDOM(226) | AL1: aCDOM(227) | AM1: aCDOM(228) | AN1: aCDOM(229) | AO1: aCDOM(230) | AP1: aCDOM(231) | AQ1: aCDOM(232) | AR1: aCDOM(233) | AS1: aCDOM(234) | AT1: aCDOM(235) | AU1: aCDOM(236) | AV1: aCDOM(237) | AW1: aCDOM(238) | AX1: aCDOM(239) | AY1: aCDOM(240) | AZ1: aCDOM(241) | BA1: aCDOM(242) | BB1: aCDOM(243) | BC1: aCDOM(244) | BD1: aCDOM(245) | BE1: aCDOM(246) | BF1: aCDOM(247) | BG1: aCDOM(248) | BH1: aCDOM(249) | BI1: aCDOM(250) | BJ1: aCDOM(251) | BK1: aCDOM(252) | BL1: aCDOM(253) | BM1: aCDOM(254) | BN1: aCDOM(255) | BO1: aCDOM(256) | BP1: aCDOM(257) | BQ1: aCDOM(258) | BR1: aCDOM(259) | BS1: aCDOM(260) | BT1: aCDOM(261) | BU1: aCDOM(262) | BV1: aCDOM(263) | BW1: aCDOM(264) | BX1: aCDOM(265) | BY1: aCDOM(266) | BZ1: aCDOM(267) | CA1: aCDOM(268) | CB1: aCDOM(269) | CC1: aCDOM(270) | CD1: aCDOM(271) | CE1: aCDOM(272) | CF1: aCDOM(273) | CG1: aCDOM(274) | CH1: aCDOM(275) | CI1: aCDOM(276) | CJ1: aCDOM(277) | CK1: aCDOM(278) | CL1: aCDOM(279) | CM1: aCDOM(280) | CN1: aCDOM(281) | CO1: aCDOM(282) | CP1: aCDOM(283) | CQ1: aCDOM(284) | CR1: aCDOM(285) | CS1: aCDOM(286) | CT1: aCDOM(287) | CU1: aCDOM(288) | CV1: aCDOM(289) | CW1: aCDOM(290) | CX1: aCDOM(291) | CY1: aCDOM(292) | CZ1: aCDOM(293) | DA1: aCDOM(294) | DB1: aCDOM(295) | DC1: aCDOM(296) | DD1: aCDOM(297) | DE1: aCDOM(298) | DF1: aCDOM(299) | DG1: aCDOM(300) | DH1: aCDOM(301) | DI1: aCDOM(302) | DJ1: aCDOM(303) | DK1: aCDOM(304) | DL1: aCDOM(305) | DM1: aCDOM(306) | DN1: aCDOM(307) | DO1: aCDOM(308) | DP1: aCDOM(309) | DQ1: aCDOM(310) | DR1: aCDOM(311) | DS1: aCDOM(312) | DT1: aCDOM(313) | DU1: aCDOM(314) | DV1: aCDOM(315) | DW1: aCDOM(316) | DX1: aCDOM(317) | DY1: aCDOM(318) | DZ1: aCDOM(319) | EA1: aCDOM(320) | EB1: aCDOM(321) | EC1: aCDOM(322) | ED1: aCDOM(323) | EE1: aCDOM(324) | EF1: aCDOM(325) | EG1: aCDOM(326) | EH1: aCDOM(327) | EI1: aCDOM(328) | EJ1: aCDOM(329) | EK1: aCDOM(330) | EL1: aCDOM(331) | EM1: aCDOM(332) | EN1: aCDOM(333) | EO1: aCDOM(334) | EP1: aCDOM(335) | EQ1: aCDOM(336) | ER1: aCDOM(337) | ES1: aCDOM(338) | ET1: aCDOM(339) | EU1: aCDOM(340) | EV1: aCDOM(341) | EW1: aCDOM(342) | EX1: aCDOM(343) | EY1: aCDOM(344) | EZ1: aCDOM(345) | FA1: aCDOM(346) | FB1: aCDOM(347) | FC1: aCDOM(348) | FD1: aCDOM(349) | FE1: aCDOM(350) | FF1: aCDOM(351) | FG1: aCDOM(352) | FH1: aCDOM(353) | FI1: aCDOM(354) | FJ1: aCDOM(355) | FK1: aCDOM(356) | FL1: aCDOM(357) | FM1: aCDOM(358) | FN1: aCDOM(359) | FO1: aCDOM(360) | FP1: aCDOM(361) | FQ1: aCDOM(362) | FR1: aCDOM(363) | FS1: aCDOM(364) | FT1: aCDOM(365) | FU1: aCDOM(366) | FV1: aCDOM(367) | FW1: aCDOM(368) | FX1: aCDOM(369) | FY1: aCDOM(370) | FZ1: aCDOM(371) | GA1: aCDOM(372) | GB1: aCDOM(373) | GC1: aCDOM(374) | GD1: aCDOM(375) | GE1: aCDOM(376) | GF1: aCDOM(377) | GG1: aCDOM(378) | GH1: aCDOM(379) | GI1: aCDOM(380) | GJ1: aCDOM(381) | GK1: aCDOM(382) | GL1: aCDOM(383) | GM1: aCDOM(384) | GN1: aCDOM(385) | GO1: aCDOM(386) | GP1: aCDOM(387) | GQ1: aCDOM(388) | GR1: aCDOM(389) | GS1: aCDOM(390) | GT1: aCDOM(391) | GU1: aCDOM(392) | GV1: aCDOM(393) | GW1: aCDOM(394) | GX1: aCDOM(395) | GY1: aCDOM(396) | GZ1: aCDOM(397) | HA1: aCDOM(398) | HB1: aCDOM(399) | HC1: aCDOM(400) | HD1: aCDOM(401) | HE1: aCDOM(402) | HF1: aCDOM(403) | HG1: aCDOM(404) | HH1: aCDOM(405) | HI1: aCDOM(406) | HJ1: aCDOM(407) | HK1: aCDOM(408) | HL1: aCDOM(409) | HM1: aCDOM(410) | HN1: aCDOM(411) | HO1: aCDOM(412) | HP1: aCDOM(413) | HQ1: aCDOM(414) | HR1: aCDOM(415) | HS1: aCDOM(416) | HT1: aCDOM(417) | HU1: aCDOM(418) | HV1: aCDOM(419) | HW1: aCDOM(420) | HX1: aCDOM(421) | HY1: aCDOM(422) | HZ1: aCDOM(423) | IA1: aCDOM(424) | IB1: aCDOM(425) | IC1: aCDOM(426) | ID1: aCDOM(427) | IE1: aCDOM(428) | IF1: aCDOM(429) | IG1: aCDOM(430) | IH1: aCDOM(431) | II1: aCDOM(432) | IJ1: aCDOM(433) | IK1: aCDOM(434) | IL1: aCDOM(435) | IM1: aCDOM(436) | IN1: aCDOM(437) | IO1: aCDOM(438) | IP1: aCDOM(439) | IQ1: aCDOM(440) | IR1: aCDOM(441) | IS1: aCDOM(442) | IT1: aCDOM(443) | IU1: aCDOM(444) | IV1: aCDOM(445) | IW1: aCDOM(446) | IX1: aCDOM(447) | IY1: aCDOM(448) | IZ1: aCDOM(449) | JA1: aCDOM(450) | JB1: aCDOM(451) | JC1: aCDOM(452) | JD1: aCDOM(453) | JE1: aCDOM(454) | JF1: aCDOM(455) | JG1: aCDOM(456) | JH1: aCDOM(457) | JI1: aCDOM(458) | JJ1: aCDOM(459) | JK1: aCDOM(460) | JL1: aCDOM(461) | JM1: aCDOM(462) | JN1: aCDOM(463) | JO1: aCDOM(464) | JP1: aCDOM(465) | JQ1: aCDOM(466) | JR1: aCDOM(467) | JS1: aCDOM(468) | JT1: aCDOM(469) | JU1: aCDOM(470) | JV1: aCDOM(471) | JW1: aCDOM(472) | JX1: aCDOM(473) | JY1: aCDOM(474) | JZ1: aCDOM(475) | KA1: aCDOM(476) | KB1: aCDOM(477) | KC1: aCDOM(478) | KD1: aCDOM(479) | KE1: aCDOM(480) | KF1: aCDOM(481) | KG1: aCDOM(482) | KH1: aCDOM(483) | KI1: aCDOM(484) | KJ1: aCDOM(485) | KK1: aCDOM(486) | KL1: aCDOM(487) | KM1: aCDOM(488) | KN1: aCDOM(489) | KO1: aCDOM(490) | KP1: aCDOM(491) | KQ1: aCDOM(492) | KR1: aCDOM(493) | KS1: aCDOM(494) | KT1: aCDOM(495) | KU1: aCDOM(496) | KV1: aCDOM(497) | KW1: aCDOM(498) | KX1: aCDOM(499) | KY1: aCDOM(500) | KZ1: aCDOM(501) | LA1: aCDOM(502) | LB1: aCDOM(503) | LC1: aCDOM(504) | LD1: aCDOM(505) | LE1: aCDOM(506) | LF1: aCDOM(507) | LG1: aCDOM(508) | LH1: aCDOM(509) | LI1: aCDOM(510) | LJ1: aCDOM(511) | LK1: aCDOM(512) | LL1: aCDOM(513) | LM1: aCDOM(514) | LN1: aCDOM(515) | LO1: aCDOM(516) | LP1: aCDOM(517) | LQ1: aCDOM(518) | LR1: aCDOM(519) | LS1: aCDOM(520) | LT1: aCDOM(521) | LU1: aCDOM(522) | LV1: aCDOM(523) | LW1: aCDOM(524) | LX1: aCDOM(525) | LY1: aCDOM(526) | LZ1: aCDOM(527) | MA1: aCDOM(528) | MB1: aCDOM(529) | MC1: aCDOM(530) | MD1: aCDOM(531) | ME1: aCDOM(532) | MF1: aCDOM(533) | MG1: aCDOM(534) | MH1: aCDOM(535) | MI1: aCDOM(536) | MJ1: aCDOM(537) | MK1: aCDOM(538) | ML1: aCDOM(539) | MM1: aCDOM(540) | MN1: aCDOM(541) | MO1: aCDOM(542) | MP1: aCDOM(543) | MQ1: aCDOM(544) | MR1: aCDOM(545) | MS1: aCDOM(546) | MT1: aCDOM(547) | MU1: aCDOM(548) | MV1: aCDOM(549) | MW1: aCDOM(550) | MX1: aCDOM(551) | MY1: aCDOM(552) | MZ1: aCDOM(553) | NA1: aCDOM(554) | NB1: aCDOM(555) | NC1: aCDOM(556) | ND1: aCDOM(557) | NE1: aCDOM(558) | NF1: aCDOM(559) | NG1: aCDOM(560) | NH1: aCDOM(561) | NI1: aCDOM(562) | NJ1: aCDOM(563) | NK1: aCDOM(564) | NL1: aCDOM(565) | NM1: aCDOM(566) | NN1: aCDOM(567) | NO1: aCDOM(568) | NP1: aCDOM(569) | NQ1: aCDOM(570) | NR1: aCDOM(571) | NS1: aCDOM(572) | NT1: aCDOM(573) | NU1: aCDOM(574) | NV1: aCDOM(575) | NW1: aCDOM(576) | NX1: aCDOM(577) | NY1: aCDOM(578) | NZ1: aCDOM(579) | OA1: aCDOM(580) | OB1: aCDOM(581) | OC1: aCDOM(582) | OD1: aCDOM(583) | OE1: aCDOM(584) | OF1: aCDOM(585) | OG1: aCDOM(586) | OH1: aCDOM(587) | OI1: aCDOM(588) | OJ1: aCDOM(589) | OK1: aCDOM(590) | OL1: aCDOM(591) | OM1: aCDOM(592) | ON1: aCDOM(593) | OO1: aCDOM(594) | OP1: aCDOM(595) | OQ1: aCDOM(596) | OR1: aCDOM(597) | OS1: aCDOM(598) | OT1: aCDOM(599) | OU1: aCDOM(600) | OV1: aCDOM(601) | OW1: aCDOM(602) | OX1: aCDOM(603) | OY1: aCDOM(604) | OZ1: aCDOM(605) | PA1: aCDOM(606) | PB1: aCDOM(607) | PC1: aCDOM(608) | PD1: aCDOM(609) | PE1: aCDOM(610) | PF1: aCDOM(611) | PG1: aCDOM(612) | PH1: aCDOM(613) | PI1: aCDOM(614) | PJ1: aCDOM(615) | PK1: aCDOM(616) | PL1: aCDOM(617) | PM1: aCDOM(618) | PN1: aCDOM(619) | PO1: aCDOM(620) | PP1: aCDOM(621) | PQ1: aCDOM(622) | PR1: aCDOM(623) | PS1: aCDOM(624) | PT1: aCDOM(625) | PU1: aCDOM(626) | PV1: aCDOM(627) | PW1: aCDOM(628) | PX1: aCDOM(629) | PY1: aCDOM(630) | PZ1: aCDOM(631) | QA1: aCDOM(632) | QB1: aCDOM(633) | QC1: aCDOM(634) | QD1: aCDOM(635) | QE1: aCDOM(636) | QF1: aCDOM(637) | QG1: aCDOM(638) | QH1: aCDOM(639) | QI1: aCDOM(640) | QJ1: aCDOM(641) | QK1: aCDOM(642) | QL1: aCDOM(643) | QM1: aCDOM(644) | QN1: aCDOM(645) | QO1: aCDOM(646) | QP1: aCDOM(647) | QQ1: aCDOM(648) | QR1: aCDOM(649) | QS1: aCDOM(650) | QT1: aCDOM(651) | QU1: aCDOM(652) | QV1: aCDOM(653) | QW1: aCDOM(654) | QX1: aCDOM(655) | QY1: aCDOM(656) | QZ1: aCDOM(657) | RA1: aCDOM(658) | RB1: aCDOM(659) | RC1: aCDOM(660) | RD1: aCDOM(661) | RE1: aCDOM(662) | RF1: aCDOM(663) | RG1: aCDOM(664) | RH1: aCDOM(665) | RI1: aCDOM(666) | RJ1: aCDOM(667) | RK1: aCDOM(668) | RL1: aCDOM(669) | RM1: aCDOM(670) | RN1: aCDOM(671) | RO1: aCDOM(672) | RP1: aCDOM(673) | RQ1: aCDOM(674) | RR1: aCDOM(675) | RS1: aCDOM(676) | RT1: aCDOM(677) | RU1: aCDOM(678) | RV1: aCDOM(679) | RW1: aCDOM(680) | RX1: aCDOM(681) | RY1: aCDOM(682) | RZ1: aCDOM(683) | SA1: aCDOM(684) | SB1: aCDOM(685) | SC1: aCDOM(686) | SD1: aCDOM(687) | SE1: aCDOM(688) | SF1: aCDOM(689) | SG1: aCDOM(690) | SH1: aCDOM(691) | SI1: aCDOM(692) | SJ1: aCDOM(693) | SK1: aCDOM(694) | SL1: aCDOM(695) | SM1: aCDOM(696) | SN1: aCDOM(697) | SO1: aCDOM(698) | SP1: aCDOM(699) | SQ1: aCDOM(700) | SR1: aCDOM(701) | SS1: aCDOM(702) | ST1: aCDOM(703) | SU1: aCDOM(704) | SV1: aCDOM(705) | SW1: aCDOM(706) | SX1: aCDOM(707) | SY1: aCDOM(708) | SZ1: aCDOM(709) | TA1: aCDOM(710) | TB1: aCDOM(711) | TC1: aCDOM(712) | TD1: aCDOM(713) | TE1: aCDOM(714) | TF1: aCDOM(715) | TG1: aCDOM(716) | TH1: aCDOM(717) | TI1: aCDOM(718) | TJ1: aCDOM(719) | TK1: aCDOM(720) | TL1: aCDOM(721) | TM1: aCDOM(722) | TN1: aCDOM(723) | TO1: aCDOM(724) | TP1: aCDOM(725) | TQ1: aCDOM(726) | TR1: aCDOM(727) | TS1: aCDOM(728) | TT1: aCDOM(729) | TU1: aCDOM(730) | TV1: aCDOM(731) | TW1: aCDOM(732) | TX1: aCDOM(733) | TY1: aCDOM(734) | TZ1: aCDOM(735) | UA1: aCDOM(736) | UB1: aCDOM(737) | UC1: aCDOM(738) | UD1: aCDOM(739) | UE1: aCDOM(740) | UF1: aCDOM(741) | UG1: aCDOM(742) | UH1: aCDOM(743) | UI1: aCDOM(744) | UJ1: aCDOM(745) | UK1: aCDOM(746) | UL1: aCDOM(747) | UM1: aCDOM(748) | UN1: aCDOM(749) | UO1: aCDOM(750) | UP1: aCDOM(751) | UQ1: aCDOM(752) | UR1: aCDOM(753) | US1: aCDOM(754) | UT1: aCDOM(755) | UU1: aCDOM(756) | UV1: aCDOM(757) | UW1: aCDOM(758) | UX1: aCDOM(759) | UY1: aCDOM(760) | UZ1: aCDOM(761) | VA1: aCDOM(762) | VB1: aCDOM(763) | VC1: aCDOM(764) | VD1: aCDOM(765) | VE1: aCDOM(766) | VF1: aCDOM(767) | VG1: aCDOM(768) | VH1: aCDOM(769) | VI1: aCDOM(770) | VJ1: aCDOM(771) | VK1: aCDOM(772) | VL1: aCDOM(773) | VM1: aCDOM(774) | VN1: aCDOM(775) | VO1: aCDOM(776) | VP1: aCDOM(777) | VQ1: aCDOM(778) | VR1: aCDOM(779) | VS1: aCDOM(780) | VT1: aCDOM(781) | VU1: aCDOM(782) | VV1: aCDOM(783) | VW1: aCDOM(784) | VX1: aCDOM(785) | VY1: aCDOM(786) | VZ1: aCDOM(787) | WA1: aCDOM(788) | WB1: aCDOM(789) | WC1: aCDOM(790) | WD1: aCDOM(791) | WE1: aCDOM(792) | WF1: aCDOM(793) | WG1: aCDOM(794) | WH1: aCDOM(795) | WI1: aCDOM(796) | WJ1: aCDOM(797) | WK1: aCDOM(798) | WL1: aCDOM(799) | WM1: aCDOM(800) | WN1: S275-295 | WO1: S350-400 | WP1: SR
A2: 1 | B2: 45050 | C2: 0.625 | D2: 68.338 | E2: -133.7063 | F2: 0.23 | G2: 366 | H2: =4.4907*IT2^0.578 -> 3.9946904 | I2: 001_20230504 | J2: 0.05 | K2: 57.3827 | L2: 60.61966 | M2: 67.0015 | N2: 65.36941 | O2: 65.87285 | P2: 69.62517 | Q2: 70.24224 | R2: 70.95428 | S2: 68.25268 | T2: 65.3707 | U2: 66.34372 | V2: 65.09922 | W2: 64.22643 | X2: 61.47444 | Y2: 60.08909 | Z2: 58.56944 | AA2: 56.79751 | AB2: 54.91904 | AC2: 53.01391 | AD2: 51.20039 | AE2: 49.49654 | AF2: 48.05864 | AG2: 46.25391 | AH2: 44.71482 | AI2: 42.96168 | AJ2: 41.68319 | AK2: 40.6117 | AL2: 39.23801 | AM2: 38.23795 | AN2: 37.34204 | AO2: 36.2214 | AP2: 35.37012 | AQ2: 34.50433 | AR2: 33.74425 | AS2: 32.86759 | AT2: 32.21298 | AU2: 31.67514 | AV2: 31.01915 | AW2: 30.43005 | AX2: 29.95922 | AY2: 29.51262 | AZ2: 29.08625 | BA2: 28.73946 | BB2: 28.3328 | BC2: 27.9347 | BD2: 27.49285 | BE2: 27.2187 | BF2: 26.98973 | BG2: 26.66584 | BH2: 26.4857 | BI2: 26.22859 | BJ2: 25.89756 | BK2: 25.68499 | BL2: 25.44479 | BM2: 25.14337 | BN2: 24.92855 | BO2: 24.80833 | BP2: 24.6059 | BQ2: 24.313 | BR2: 24.00293 | BS2: 23.81127 | BT2: 23.58604 | BU2: 23.33469 | BV2: 23.08555 | BW2: 22.78643 | BX2: 22.50257 | BY2: 22.16734 | BZ2: 21.85736 | CA2: 21.54171 | CB2: 21.22173 | CC2: 20.95076 | CD2: 20.64114 | CE2: 20.27764 | CF2: 19.90091 | CG2: 19.50991 | CH2: 19.15838 | CI2: 18.77664 | CJ2: 18.43496 | CK2: 18.12443 | CL2: 17.7559 | CM2: 17.45384 | CN2: 17.11263 | CO2: 16.72383 | CP2: 16.36493 | CQ2: 16.03897 | CR2: 15.70024 | CS2: 15.36073 | CT2: 15.03947 | CU2: 14.72386 | CV2: 14.42268 | CW2: 14.06723 | CX2: 13.77756 | CY2: 13.50152 | CZ2: 13.16717 | DA2: 12.9114 | DB2: 12.62855 | DC2: 12.32529 | DD2: 12.13354 | DE2: 11.89495 | DF2: 11.66202 | DG2: 11.4595 | DH2: 11.25923 | DI2: 10.98296 | DJ2: 10.74603 | DK2: 10.53038 | DL2: 10.24688 | DM2: 10.04956 | DN2: 9.83556 | DO2: 9.649985 | DP2: 9.453216 | DQ2: 9.248203 | DR2: 9.071978 | DS2: 8.858766 | DT2: 8.661168 | DU2: 8.522758 | DV2: 8.344045 | DW2: 8.213742 | DX2: 8.072107 | DY2: 7.814447 | DZ2: 7.760327 | EA2: 7.574797 | EB2: 7.407139 | EC2: 7.321329 | ED2: 7.074401 | EE2: 7.061413 | EF2: 6.926779 | EG2: 6.73738 | EH2: 6.684734 | EI2: 6.456645 | EJ2: 6.403584 | EK2: 6.353747 | EL2: 6.157024 | EM2: 6.083927 | EN2: 5.904708 | EO2: 5.848975 | EP2: 5.79011 | EQ2: 5.561423 | ER2: 5.47506 | ES2: 5.451662 | ET2: 5.300585 | EU2: 5.293446 | EV2: 5.212104 | EW2: 5.111324 | EX2: 4.996773 | EY2: 4.872227 | EZ2: 4.79001 | FA2: 4.836761 | FB2: 4.692455 | FC2: 4.529863 | FD2: 4.5382 | FE2: 4.499279 | FF2: 4.297352 | FG2: 4.181004 | FH2: 4.117303 | FI2: 4.109197 | FJ2: 3.987184 | FK2: 3.89359 | FL2: 3.803312 | FM2: 3.765681 | FN2: 3.745645 | FO2: 3.686412 | FP2: 3.643254 | FQ2: 3.498533 | FR2: 3.440037 | FS2: 3.46818 | FT2: 3.407288 | FU2: 3.345292 | FV2: 3.210106 | FW2: 3.107945 | FX2: 3.107945 | FY2: 3.0354 | FZ2: 2.875388 | GA2: 2.878013 | GB2: 2.890081 | GC2: 2.756507 | GD2: 2.823846 | GE2: 2.609253 | GF2: 2.685897 | GG2: 2.697181 | GH2: 2.553612 | GI2: 2.531273 | GJ2: 2.463059 | GK2: 2.397377 | GL2: 2.356844 | GM2: 2.343118 | GN2: 2.313548 | GO2: 2.23976 | GP2: 2.191397 | GQ2: 2.14202 | GR2: 2.092552 | GS2: 2.093934 | GT2: 2.03424 | GU2: 1.970309 | GV2: 1.89606 | GW2: 1.925492 | GX2: 1.900251 | GY2: 1.849263 | GZ2: 1.83047 | HA2: 1.796939 | HB2: 1.765065 | HC2: 1.701502 | HD2: 1.68704 | HE2: 1.645678 | HF2: 1.635176 | HG2: 1.586445 | HH2: 1.592156 | HI2: 1.560651 | HJ2: 1.534213 | HK2: 1.491653 | HL2: 1.47369 | HM2: 1.448725 | HN2: 1.41395 | HO2: 1.408238 | HP2: 1.373555 | HQ2: 1.339056 | HR2: 1.32943 | HS2: 1.297879 | HT2: 1.273375 | HU2: 1.251542 | HV2: 1.211839 | HW2: 1.22386 | HX2: 1.19581 | HY2: 1.175267 | HZ2: 1.146572 | IA2: 1.139617 | IB2: 1.11152 | IC2: 1.097702 | ID2: 1.074534 | IE2: 1.066796 | IF2: 1.0457 | IG2: 1.034369 | IH2: 1.005536 | II2: 0.989046 | IJ2: 0.989092 | IK2: 0.983934 | IL2: 0.968872 | IM2: 0.931978 | IN2: 0.920739 | IO2: 0.90402 | IP2: 0.890202 | IQ2: 0.870304 | IR2: 0.861276 | IS2: 0.826455 | IT2: 0.81669 | IU2: 0.814986 | IV2: 0.819453 | IW2: 0.823875 | IX2: 0.793798 | IY2: 0.792739 | IZ2: 0.762523 | JA2: 0.751607 | JB2: 0.743823 | JC2: 0.739724 | JD2: 0.725307 | JE2: 0.701678 | JF2: 0.705869 | JG2: 0.686386 | JH2: 0.682287 | JI2: 0.674457 | JJ2: 0.665843 | JK2: 0.688781 | JL2: 0.668653 | JM2: 0.631114 | JN2: 0.618724 | JO2: 0.61877 | JP2: 0.619737 | JQ2: 0.604445 | JR2: 0.584501 | JS2: 0.565294 | JT2: 0.577132 | JU2: 0.585745 | JV2: 0.579711 | JW2: 0.571559 | JX2: 0.55295 | JY2: 0.547331 | JZ2: 0.542495 | KA2: 0.539639 | KB2: 0.530012 | KC2: 0.518497 | KD2: 0.51555 | KE2: 0.505785 | KF2: 0.494316 | KG2: 0.496389 | KH2: 0.493994 | KI2: 0.490815 | KJ2: 0.479208 | KK2: 0.462719 | KL2: 0.458067 | KM2: 0.45125 | KN2: 0.453 | KO2: 0.462535 | KP2: 0.456823 | KQ2: 0.442452 | KR2: 0.432734 | KS2: 0.432826 | KT2: 0.430799 | KU2: 0.427068 | KV2: 0.42191 | KW2: 0.414172 | KX2: 0.405696 | KY2: 0.396761 | KZ2: 0.393398 | LA2: 0.383311 | LB2: 0.388378 | LC2: 0.400031 | LD2: 0.41302 | LE2: 0.394918 | LF2: 0.376356 | LG2: 0.380133 | LH2: 0.367282 | LI2: 0.33914 | LJ2: 0.337758 | LK2: 0.341443 | LL2: 0.346325 | LM2: 0.353833 | LN2: 0.363874 | LO2: 0.354662 | LP2: 0.341627 | LQ2: 0.339877 | LR2: 0.341903 | LS2: 0.331954 | LT2: 0.326243 | LU2: 0.313484 | LV2: 0.301002 | LW2: 0.298837 | LX2: 0.310721 | LY2: 0.315557 | LZ2: 0.310629 | MA2: 0.301094 | MB2: 0.296212 | MC2: 0.292896 | MD2: 0.28571 | ME2: 0.291606 | MF2: 0.294784 | MG2: 0.298975 | MH2: 0.289625 | MI2: 0.278248 | MJ2: 0.272491 | MK2: 0.267701 | ML2: 0.279953 | MM2: 0.274794 | MN2: 0.271432 | MO2: 0.274518 | MP2: 0.274978 | MQ2: 0.257337 | MR2: 0.256186 | MS2: 0.260285 | MT2: 0.243703 | MU2: 0.235781 | MV2: 0.232695 | MW2: 0.238591 | MX2: 0.248217 | MY2: 0.246836 | MZ2: 0.234906 | NA2: 0.24071 | NB2: 0.253008 | NC2: 0.221825 | ND2: 0.220397 | NE2: 0.231728 | NF2: 0.217956 | NG2: 0.239696 | NH2: 0.21768 | NI2: 0.234077 | NJ2: 0.219614 | NK2: 0.209849 | NL2: 0.21312 | NM2: 0.208099 | NN2: 0.215284 | NO2: 0.206902 | NP2: 0.202802 | NQ2: 0.201236 | NR2: 0.221272 | NS2: 0.211323 | NT2: 0.206487 | NU2: 0.200637 | NV2: 0.219614 | NW2: 0.197091 | NX2: 0.186359 | NY2: 0.192393 | NZ2: 0.190366 | OA2: 0.200914 | OB2: 0.18857 | OC2: 0.194603 | OD2: 0.199486 | OE2: 0.198288 | OF2: 0.174291 | OG2: 0.18728 | OH2: 0.204276 | OI2: 0.183273 | OJ2: 0.193314 | OK2: 0.177285 | OL2: 0.169731 | OM2: 0.168073 | ON2: 0.186865 | OO2: 0.174982 | OP2: 0.178667 | OQ2: 0.164158 | OR2: 0.18401 | OS2: 0.174015 | OT2: 0.167106 | OU2: 0.141082 | OV2: 0.163928 | OW2: 0.159644 | OX2: 0.164158 | OY2: 0.15232 | OZ2: 0.141865 | PA2: 0.148728 | PB2: 0.163974 | PC2: 0.14403 | PD2: 0.145964 | PE2: 0.154623 | PF2: 0.149787 | PG2: 0.167014 | PH2: 0.155222 | PI2: 0.145596 | PJ2: 0.15186 | PK2: 0.147714 | PL2: 0.14297 | PM2: 0.145181 | PN2: 0.135785 | PO2: 0.126849 | PP2: 0.133712 | PQ2: 0.147254 | PR2: 0.148774 | PS2: 0.124362 | PT2: 0.134035 | PU2: 0.136522 | PV2: 0.132284 | PW2: 0.131916 | PX2: 0.133159 | PY2: 0.133436 | PZ2: 0.126849 | QA2: 0.139147 | QB2: 0.134772 | QC2: 0.128738 | QD2: 0.123072 | QE2: 0.119756 | QF2: 0.136982 | QG2: 0.133712 | QH2: 0.144951 | QI2: 0.120539 | QJ2: 0.119986 | QK2: 0.121644 | QL2: 0.119111 | QM2: 0.121875 | QN2: 0.126389 | QO2: 0.127632 | QP2: 0.122381 | QQ2: 0.126527 | QR2: 0.117407 | QS2: 0.115058 | QT2: 0.133252 | QU2: 0.125191 | QV2: 0.123671 | QW2: 0.127218 | QX2: 0.115242 | QY2: 0.121829 | QZ2: 0.12275 | RA2: 0.1134 | RB2: 0.103635 | RC2: 0.114505 | RD2: 0.1169 | RE2: 0.109116 | RF2: 0.104096 | RG2: 0.106353 | RH2: 0.110728 | RI2: 0.122658 | RJ2: 0.124961 | RK2: 0.110176 | RL2: 0.097417 | RM2: 0.108195 | RN2: 0.113999 | RO2: 0.112847 | RP2: 0.121829 | RQ2: 0.105063 | RR2: 0.102852 | RS2: 0.108794 | RT2: 0.097693 | RU2: 0.114275 | RV2: 0.110959 | RW2: 0.096818 | RX2: 0.11059 | RY2: 0.114828 | RZ2: 0.087606 | SA2: 0.093962 | SB2: 0.105846 | SC2: 0.086132 | SD2: 0.099397 | SE2: 0.102437 | SF2: 0.09995 | SG2: 0.105247 | SH2: 0.08779 | SI2: 0.072913 | SJ2: 0.079454 | SK2: 0.083046 | SL2: 0.090969 | SM2: 0.091107 | SN2: 0.098384 | SO2: 0.100134 | SP2: 0.098522 | SQ2: 0.092765 | SR2: 0.085718 | SS2: 0.094239 | ST2: 0.089587 | SU2: 0.074801 | SV2: 0.089909 | SW2: 0.086915 | SX2: 0.076229 | SY2: 0.073235 | SZ2: 0.078578 | TA2: 0.074433 | TB2: 0.075308 | TC2: 0.074111 | TD2: 0.082493 | TE2: 0.090047 | TF2: 0.075124 | TG2: 0.07692 | TH2: 0.105662 | TI2: 0.083783 | TJ2: 0.067846 | TK2: 0.072959 | TL2: 0.064162 | TM2: 0.05214 | TN2: 0.044586 | TO2: 0.059187 | TP2: 0.062135 | TQ2: 0.041961 | TR2: 0.039243 | TS2: 0.053199 | TT2: 0.035374 | TU2: 0.017319 | TV2: 0.030492 | TW2: 0.030354 | TX2: 0.02911 | TY2: 0.015384 | TZ2: 0.030261 | UA2: 0.018378 | UB2: 0.024642 | UC2: 0.034084 | UD2: 0.004652 | UE2: 0.013265 | UF2: 0.036756 | UG2: 0.029893 | UH2: 0.023813 | UI2: 0.055917 | UJ2: 0.054074 | UK2: 0.037539 | UL2: 0.045738 | UM2: 0.026761 | UN2: 0.006172 | UO2: 0.043573 | UP2: 0.038368 | UQ2: 0.010317 | UR2: 0.052048 | US2: 0.04021 | UT2: 0.044033 | UU2: 0.05085 | UV2: 0.016628 | UW2: 0.047995 | UX2: 0.066372 | UY2: 0.070932 | UZ2: 0.046382 | VA2: 0.06301 | VB2: 0.047212 | VC2: 0.076506 | VD2: 0.079407 | VE2: 0.080283 | VF2: 0.062457 | VG2: 0.052416 | VH2: 0.076966 | VI2: 0.085487 | VJ2: 0.063655 | VK2: 0.065682 | VL2: 0.070057 | VM2: 0.042928 | VN2: 0.072867 | VO2: 0.105109 | VP2: 0.08171 | VQ2: 0.081664 | VR2: 0.078026 | VS2: 0.059325 | VT2: 0.112156 | VU2: 0.103036 | VV2: 0.071439 | VW2: 0.075584 | VX2: 0.062089 | VY2: 0.069919 | VZ2: 0.070057 | WA2: 0.023905 | WB2: 0.098338 | WC2: 0.090876 | WD2: 0.063056 | WE2: 0.092535 | WF2: 0.076137 | WG2: 0.086363 | WH2: 0.12275 | WI2: 0.080789 | WJ2: 0.066557 | WK2: 0.113492 | WL2: 0.105477 | WM2: 0.087146 | WN2: 0.02081 | WO2: 0.01879 | WP2: 1.1075
A3: TSI | B3: 45051 | C3: 0.5 | D3: 67.4543 | E3: -133.7178 | F3: 0.1 | G3: 358 | H3: =4.4907*IT3^0.578 -> 4.1222543 | I3: TSI_20230505 | J3: 0.05 | K3: 66.14359 | L3: 64.09719 | M3: 66.9729 | N3: 67.14369 | O3: 72.04968 | P3: 66.7344 | Q3: 67.23065 | R3: 66.67553 | S3: 65.60072 | T3: 64.89278 | U3: 63.4009 | V3: 62.64482 | W3: 61.04622 | X3: 59.64881 | Y3: 57.47238 | Z3: 55.82283 | AA3: 54.12575 | AB3: 52.10639 | AC3: 50.67038 | AD3: 49.0229 | AE3: 47.29832 | AF3: 45.68595 | AG3: 44.27315 | AH3: 42.84589 | AI3: 41.22522 | AJ3: 40.01357 | AK3: 38.8874 | AL3: 37.81798 | AM3: 36.84653 | AN3: 35.94329 | AO3: 34.94756 | AP3: 33.9956 | AQ3: 33.25721 | AR3: 32.48662 | AS3: 31.89627 | AT3: 31.24195 | AU3: 30.6275 | AV3: 29.98538 | AW3: 29.4299 | AX3: 28.99505 | AY3: 28.61091 | AZ3: 28.18784 | BA3: 27.72798 | BB3: 27.35775 | BC3: 27.06937 | BD3: 26.7248 | BE3: 26.39574 | BF3: 26.16885 | BG3: 25.8602 | BH3: 25.63723 | BI3: 25.37247 | BJ3: 25.1413 | BK3: 24.88318 | BL3: 24.70143 | BM3: 24.4603 | BN3: 24.1791 | BO3: 24.02264 | BP3: 23.84374 | BQ3: 23.58143 | BR3: 23.36467 | BS3: 23.13414 | BT3: 22.84898 | BU3: 22.63453 | BV3: 22.38732 | BW3: 22.09397 | BX3: 21.82231 | BY3: 21.50026 | BZ3: 21.24605 | CA3: 20.96181 | CB3: 20.60784 | CC3: 20.27612 | CD3: 19.94154 | CE3: 19.61028 | CF3: 19.30273 | CG3: 18.93094 | CH3: 18.61087 | CI3: 18.25473 | CJ3: 17.89846 | CK3: 17.56949 | CL3: 17.2438 | CM3: 16.91577 | CN3: 16.57253 | CO3: 16.20985 | CP3: 15.83985 | CQ3: 15.55571 | CR3: 15.26691 | CS3: 14.89493 | CT3: 14.59895 | CU3: 14.33401 | CV3: 13.97138 | CW3: 13.61907 | CX3: 13.36399 | CY3: 13.06957 | CZ3: 12.75005 | DA3: 12.52772 | DB3: 12.26108 | DC3: 11.95722 | DD3: 11.76184 | DE3: 11.51956 | DF3: 11.29207 | DG3: 11.06481 | DH3: 10.81328 | DI3: 10.5845 | DJ3: 10.34941 | DK3: 10.15494 | DL3: 9.907828 | DM3: 9.683378 | DN3: 9.484399 | DO3: 9.307851 | DP3: 9.138857 | DQ3: 8.94803 | DR3: 8.761625 | DS3: 8.553987 | DT3: 8.393237 | DU3: 8.211669 | DV3: 8.033048 | DW3: 7.903896 | DX3: 7.756182 | DY3: 7.545457 | DZ3: 7.441269 | EA3: 7.192684 | EB3: 7.134832 | EC3: 7.001673 | ED3: 6.808313 | EE3: 6.81232 | EF3: 6.718312 | EG3: 6.589574 | EH3: 6.489808 | EI3: 6.188391 | EJ3: 6.097929 | EK3: 6.138416 | EL3: 5.862379 | EM3: 5.768278 | EN3: 5.679336 | EO3: 5.647463 | EP3: 5.514257 | EQ3: 5.451523 | ER3: 5.444476 | ES3: 5.264474 | ET3: 5.179032 | EU3: 5.164477 | EV3: 4.948548 | EW3: 4.898619 | EX3: 4.778633 | EY3: 4.65837 | EZ3: 4.576982 | FA3: 4.568691 | FB3: 4.502089 | FC3: 4.325955 | FD3: 4.29597 | FE3: 4.260089 | FF3: 4.166403 | FG3: 4.020209 | FH3: 3.954435 | FI3: 3.923068 | FJ3: 3.861302 | FK3: 3.734314 | FL3: 3.674805 | FM3: 3.646616 | FN3: 3.669877 | FO3: 3.509726 | FP3: 3.473983 | FQ3: 3.423456 | FR3: 3.32263 | FS3: 3.36413 | FT3: 3.310931 | FU3: 3.14424 | FV3: 3.086204 | FW3: 3.03084 | FX3: 2.971238 | FY3: 2.985609 | FZ3: 2.845633 | GA3: 2.839369 | GB3: 2.873683 | GC3: 2.670052 | GD3: 2.694372 | GE3: 2.546519 | GF3: 2.458591 | GG3: 2.652365 | GH3: 2.460571 | GI3: 2.432336 | GJ3: 2.404931 | GK3: 2.324925 | GL3: 2.317831 | GM3: 2.267165 | GN3: 2.239161 | GO3: 2.177947 | GP3: 2.120234 | GQ3: 2.118023 | GR3: 2.070075 | GS3: 2.029956 | GT3: 2.023186 | GU3: 1.934612 | GV3: 1.906331 | GW3: 1.922683 | GX3: 1.865937 | GY3: 1.81785 | GZ3: 1.794359 | HA3: 1.759907 | HB3: 1.724717 | HC3: 1.672761 | HD3: 1.655811 | HE3: 1.637848 | HF3: 1.615002 | HG3: 1.567882 | HH3: 1.571014 | HI3: 1.534765 | HJ3: 1.508373 | HK3: 1.461898 | HL3: 1.435782 | HM3: 1.433295 | HN3: 1.405106 | HO3: 1.384333 | HP3: 1.347577 | HQ3: 1.324824 | HR3: 1.313908 | HS3: 1.277106 | HT3: 1.259511 | HU3: 1.247627 | HV3: 1.210134 | HW3: 1.192401 | HX3: 1.205528 | HY3: 1.164259 | HZ3: 1.159376 | IA3: 1.132385 | IB3: 1.114606 | IC3: 1.094478 | ID3: 1.087615 | IE3: 1.059979 | IF3: 1.046575 | IG3: 1.019124 | IH3: 1.016728 | II3: 1.011754 | IJ3: 0.980756 | IK3: 0.963898 | IL3: 0.969102 | IM3: 0.942388 | IN3: 0.939532 | IO3: 0.940591 | IP3: 0.915673 | IQ3: 0.881358 | IR3: 0.875969 | IS3: 0.861921 | IT3: 0.862335 | IU3: 0.844188 | IV3: 0.843497 | IW3: 0.831061 | IX3: 0.827284 | IY3: 0.794903 | IZ3: 0.782053 | JA3: 0.772933 | JB3: 0.772795 | JC3: 0.759575 | JD3: 0.737098 | JE3: 0.727932 | JF3: 0.725583 | JG3: 0.727057 | JH3: 0.72282 | JI3: 0.706745 | JJ3: 0.687031 | JK3: 0.711811 | JL3: 0.698177 | JM3: 0.669897 | JN3: 0.64507 | JO3: 0.647465 | JP3: 0.639497 | JQ3: 0.629456 | JR3: 0.608176 | JS3: 0.589153 | JT3: 0.587633 | JU3: 0.591088 | JV3: 0.591226 | JW3: 0.584133 | JX3: 0.570131 | JY3: 0.564235 | JZ3: 0.550924 | KA3: 0.55097 | KB3: 0.540606 | KC3: 0.532868 | KD3: 0.534987 | KE3: 0.530611 | KF3: 0.523057 | KG3: 0.522136 | KH3: 0.519188 | KI3: 0.506199 | KJ3: 0.489894 | KK3: 0.483031 | KL3: 0.486071 | KM3: 0.48515 | KN3: 0.482893 | KO3: 0.485887 | KP3: 0.479991 | KQ3: 0.471516 | KR3: 0.459034 | KS3: 0.453 | KT3: 0.450743 | KU3: 0.444157 | KV3: 0.445631 | KW3: 0.426009 | KX3: 0.426377 | KY3: 0.435221 | KZ3: 0.424259 | LA3: 0.40671 | LB3: 0.404453 | LC3: 0.410809 | LD3: 0.413895 | LE3: 0.40086 | LF3: 0.392293 | LG3: 0.393491 | LH3: 0.387825 | LI3: 0.383542 | LJ3: 0.363275 | LK3: 0.366361 | LL3: 0.382298 | LM3: 0.386029 | LN3: 0.388056 | LO3: 0.384647 | LP3: 0.367881 | LQ3: 0.370507 | LR3: 0.377185 | LS3: 0.365394 | LT3: 0.366453 | LU3: 0.354754 | LV3: 0.348997 | LW3: 0.338771 | LX3: 0.347799 | LY3: 0.338863 | LZ3: 0.337205 | MA3: 0.332139 | MB3: 0.32546 | MC3: 0.327072 | MD3: 0.321315 | ME3: 0.320624 | MF3: 0.320485 | MG3: 0.310767 | MH3: 0.312747 | MI3: 0.308464 | MJ3: 0.303397 | MK3: 0.298377 | ML3: 0.302706 | MM3: 0.310306 | MN3: 0.295106 | MO3: 0.295014 | MP3: 0.299666 | MQ3: 0.291376 | MR3: 0.287599 | MS3: 0.288566 | MT3: 0.275024 | MU3: 0.281611 | MV3: 0.266089 | MW3: 0.269589 | MX3: 0.286723 | MY3: 0.279446 | MZ3: 0.274932 | NA3: 0.26572 | NB3: 0.278709 | NC3: 0.261989 | ND3: 0.2531 | NE3: 0.258489 | NF3: 0.250981 | NG3: 0.27461 | NH3: 0.261252 | NI3: 0.26876 | NJ3: 0.251165 | NK3: 0.252317 | NL3: 0.24854 | NM3: 0.247434 | NN3: 0.245454 | NO3: 0.245085 | NP3: 0.238775 | NQ3: 0.237946 | NR3: 0.241262 | NS3: 0.229563 | NT3: 0.236702 | NU3: 0.241769 | NV3: 0.247619 | NW3: 0.225832 | NX3: 0.220996 | NY3: 0.229932 | NZ3: 0.231083 | OA3: 0.24269 | OB3: 0.224681 | OC3: 0.230346 | OD3: 0.241262 | OE3: 0.234768 | OF3: 0.216206 | OG3: 0.233202 | OH3: 0.233985 | OI3: 0.201927 | OJ3: 0.206671 | OK3: 0.205105 | OL3: 0.19488 | OM3: 0.216528 | ON3: 0.217403 | OO3: 0.206717 | OP3: 0.211784 | OQ3: 0.20446 | OR3: 0.199578 | OS3: 0.199486 | OT3: 0.193176 | OU3: 0.17991 | OV3: 0.195525 | OW3: 0.182536 | OX3: 0.185806 | OY3: 0.191149 | OZ3: 0.182812 | PA3: 0.19815 | PB3: 0.198334 | PC3: 0.178022 | PD3: 0.174752 | PE3: 0.181845 | PF3: 0.172725 | PG3: 0.186635 | PH3: 0.181384 | PI3: 0.174936 | PJ3: 0.192439 | PK3: 0.17535 | PL3: 0.175535 | PM3: 0.175212 | PN3: 0.151676 | PO3: 0.162269 | PP3: 0.170606 | PQ3: 0.171527 | PR3: 0.18728 | PS3: 0.168349 | PT3: 0.174475 | PU3: 0.164526 | PV3: 0.169317 | PW3: 0.160749 | PX3: 0.167751 | PY3: 0.173738 | PZ3: 0.17618 | QA3: 0.171573 | QB3: 0.178989 | QC3: 0.163329 | QD3: 0.166645 | QE3: 0.169271 | QF3: 0.173969 | QG3: 0.17162 | QH3: 0.173278 | QI3: 0.163697 | QJ3: 0.160381 | QK3: 0.152597 | QL3: 0.157157 | QM3: 0.157065 | QN3: 0.164572 | QO3: 0.168119 | QP3: 0.15232 | QQ3: 0.148543 | QR3: 0.139285 | QS3: 0.140805 | QT3: 0.150662 | QU3: 0.144168 | QV3: 0.136936 | QW3: 0.162868 | QX3: 0.145089 | QY3: 0.1508 | QZ3: 0.140529 | RA3: 0.134449 | RB3: 0.14251 | RC3: 0.146287 | RD3: 0.159183 | RE3: 0.139378 | RF3: 0.133113 | RG3: 0.144628 | RH3: 0.142049 | RI3: 0.15361 | RJ3: 0.158078 | RK3: 0.141174 | RL3: 0.133528 | RM3: 0.136614 | RN3: 0.144076 | RO3: 0.149465 | RP3: 0.14859 | RQ3: 0.141036 | RR3: 0.145688 | RS3: 0.136982 | RT3: 0.127448 | RU3: 0.130856 | RV3: 0.133574 | RW3: 0.122243 | RX3: 0.136706 | RY3: 0.148728 | RZ3: 0.124362 | SA3: 0.12427 | SB3: 0.137075 | SC3: 0.124869 | SD3: 0.138963 | SE3: 0.135278 | SF3: 0.133804 | SG3: 0.143799 | SH3: 0.112525 | SI3: 0.105155 | SJ3: 0.122105 | SK3: 0.125145 | SL3: 0.146194 | SM3: 0.139101 | SN3: 0.128968 | SO3: 0.140898 | SP3: 0.140529 | SQ3: 0.136844 | SR3: 0.141266 | SS3: 0.13947 | ST3: 0.129659 | SU3: 0.125283 | SV3: 0.127678 | SW3: 0.112939 | SX3: 0.113768 | SY3: 0.126527 | SZ3: 0.122197 | TA3: 0.108886 | TB3: 0.109392 | TC3: 0.111742 | TD3: 0.114735 | TE3: 0.12708 | TF3: 0.114367 | TG3: 0.109208 | TH3: 0.12579 | TI3: 0.095482 | TJ3: 0.09691 | TK3: 0.118835 | TL3: 0.099674 | TM3: 0.104234 | TN3: 0.112064 | TO3: 0.105892 | TP3: 0.098845 | TQ3: 0.100365 | TR3: 0.088988 | TS3: 0.080651 | TT3: 0.08779 | TU3: 0.085211 | TV3: 0.095252 | TW3: 0.085073 | TX3: 0.07365 | TY3: 0.071715 | TZ3: 0.079638 | UA3: 0.051357 | UB3: 0.062503 | UC3: 0.067202 | UD3: 0.058865 | UE3: 0.070426 | UF3: 0.097048 | UG3: 0.078624 | UH3: 0.066557 | UI3: 0.096081 | UJ3: 0.079223 | UK3: 0.07038 | UL3: 0.090047 | UM3: 0.073742 | UN3: 0.038506 | UO3: 0.091061 | UP3: 0.079315 | UQ3: 0.068261 | UR3: 0.077795 | US3: 0.075907 | UT3: 0.062365 | UU3: 0.109761 | UV3: 0.067478 | UW3: 0.081849 | UX3: 0.074433 | UY3: 0.133252 | UZ3: 0.098108 | VA3: 0.103082 | VB3: 0.104188 | VC3: 0.113354 | VD3: 0.14122 | VE3: 0.099029 | VF3: 0.093041 | VG3: 0.084428 | VH3: 0.101885 | VI3: 0.090508 | VJ3: 0.088159 | VK3: 0.077243 | VL3: 0.08406 | VM3: 0.116808 | VN3: 0.089356 | VO3: 0.133021 | VP3: 0.118927 | VQ3: 0.114137 | VR3: 0.096634 | VS3: 0.118144 | VT3: 0.106629 | VU3: 0.123763 | VV3: 0.133712 | VW3: 0.111189 | VX3: 0.083 | VY3: 0.099904 | VZ3: 0.127586 | WA3: 0.115012 | WB3: 0.109899 | WC3: 0.118328 | WD3: 0.108379 | WE3: 0.138779 | WF3: 0.120171 | WG3: 0.147853 | WH3: 0.119572 | WI3: 0.139147 | WJ3: 0.141727 | WK3: 0.132008 | WL3: 0.136476 | WM3: 0.116578 | WN3: 0.0209 | WO3: 0.01829 | WP3: 1.1427
A4: blank 1 | B4: 45051
A5: 2 | B5: 45051 | C5: 0.64583333 | D5: 68.338 | E5: -133.7063 | F5: 0.13 | G5: 371 | H5: =4.4907*IT5^0.578 -> 4.0489831 | I5: 002_20230505 | J5: 0.05 | K5: 70.94235 | L5: 75.56258 | M5: 72.738 | N5: 73.18699 | O5: 73.84933 | P5: 71.07611 | Q5: 69.26576 | R5: 69.9761 | S5: 67.26483 | T5: 66.6946 | U5: 66.25215 | V5: 64.11432 | W5: 61.71635 | X5: 59.97072 | Y5: 58.63783 | Z5: 56.47688 | AA5: 54.98109 | AB5: 53.33753 | AC5: 51.47173 | AD5: 49.55098 | AE5: 47.57551 | AF5: 46.05208 | AG5: 44.50865 | AH5: 43.11635 | AI5: 41.67629 | AJ5: 40.26178 | AK5: 38.89408 | AL5: 37.84359 | AM5: 36.98254 | AN5: 35.95725 | AO5: 34.98704 | AP5: 34.09131 | AQ5: 33.31649 | AR5: 32.49519 | AS5: 31.87919 | AT5: 31.19027 | AU5: 30.57408 | AV5: 29.97262 | AW5: 29.40392 | AX5: 29.02563 | AY5: 28.60699 | AZ5: 28.22515 | BA5: 27.85557 | BB5: 27.4531 | BC5: 27.10659 | BD5: 26.7984 | BE5: 26.44475 | BF5: 26.22449 | BG5: 25.89783 | BH5: 25.66896 | BI5: 25.39256 | BJ5: 25.15443 | BK5: 24.87406 | BL5: 24.69231 | BM5: 24.49701 | BN5: 24.28011 | BO5: 24.09178 | BP5: 23.8886 | BQ5: 23.625 | BR5: 23.32524 | BS5: 23.09656 | BT5: 22.8885 | BU5: 22.63508 | BV5: 22.42887 | BW5: 22.14035 | BX5: 21.84709 | BY5: 21.56589 | BZ5: 21.23596 | CA5: 20.9211 | CB5: 20.6341 | CC5: 20.30403 | CD5: 19.92183 | CE5: 19.64482 | CF5: 19.32701 | CG5: 18.90431 | CH5: 18.5696 | CI5: 18.21143 | CJ5: 17.88312 | CK5: 17.56885 | CL5: 17.21557 | CM5: 16.90338 | CN5: 16.57455 | CO5: 16.19341 | CP5: 15.8258 | CQ5: 15.53042 | CR5: 15.24936 | CS5: 14.89419 | CT5: 14.56265 | CU5: 14.25589 | CV5: 13.94863 | CW5: 13.62994 | CX5: 13.34086 | CY5: 13.04378 | CZ5: 12.77433 | DA5: 12.51119 | DB5: 12.27117 | DC5: 11.99822 | DD5: 11.77911 | DE5: 11.46618 | DF5: 11.2566 | DG5: 11.06951 | DH5: 10.8106 | DI5: 10.55129 | DJ5: 10.31247 | DK5: 10.13965 | DL5: 9.925515 | DM5: 9.719259 | DN5: 9.549666 | DO5: 9.322498 | DP5: 9.143463 | DQ5: 8.930205 | DR5: 8.735463 | DS5: 8.505992 | DT5: 8.374767 | DU5: 8.276614 | DV5: 8.092926 | DW5: 7.941481 | DX5: 7.758991 | DY5: 7.550708 | DZ5: 7.417963 | EA5: 7.243211 | EB5: 7.226676 | EC5: 7.058603 | ED5: 6.818676 | EE5: 6.827474 | EF5: 6.814393 | EG5: 6.626975 | EH5: 6.457796 | EI5: 6.262364 | EJ5: 6.267661 | EK5: 6.155873 | EL5: 5.876243 | EM5: 5.830413 | EN5: 5.671137 | EO5: 5.639448 | EP5: 5.575102 | EQ5: 5.407812 | ER5: 5.359588 | ES5: 5.195061 | ET5: 5.119799 | EU5: 5.06835 | EV5: 4.950206 | EW5: 4.885308 | EX5: 4.880518 | EY5: 4.676103 | EZ5: 4.535344 | FA5: 4.54299 | FB5: 4.485737 | FC5: 4.344103 | FD5: 4.256497 | FE5: 4.330008 | FF5: 4.187683 | FG5: 4.025276 | FH5: 3.918877 | FI5: 3.939742 | FJ5: 3.903217 | FK5: 3.788942 | FL5: 3.680793 | FM5: 3.648735 | FN5: 3.605346 | FO5: 3.508436 | FP5: 3.493605 | FQ5: 3.412447 | FR5: 3.334974 | FS5: 3.31913 | FT5: 3.3148 | FU5: 3.181825 | FV5: 3.098779 | FW5: 2.995466 | FX5: 3.020983 | FY5: 2.957743 | FZ5: 2.843376 | GA5: 2.89441 | GB5: 2.82182 | GC5: 2.608654 | GD5: 2.696905 | GE5: 2.527911 | GF5: 2.525332 | GG5: 2.672079 | GH5: 2.48876 | GI5: 2.421743 | GJ5: 2.376143 | GK5: 2.327965 | GL5: 2.304013 | GM5: 2.280523 | GN5: 2.267257 | GO5: 2.162195 | GP5: 2.099046 | GQ5: 2.102915 | GR5: 2.023646 | GS5: 2.004577 | GT5: 1.983482 | GU5: 1.896198 | GV5: 1.891362 | GW5: 1.866535 | GX5: 1.832497 | GY5: 1.789477 | GZ5: 1.769441 | HA5: 1.749267 | HB5: 1.717209 | HC5: 1.68248 | HD5: 1.663549 | HE5: 1.635268 | HF5: 1.598697 | HG5: 1.563092 | HH5: 1.560927 | HI5: 1.521684 | HJ5: 1.486955 | HK5: 1.45066 | HL5: 1.421964 | HM5: 1.410357 | HN5: 1.391703 | HO5: 1.394651 | HP5: 1.309532 | HQ5: 1.300228 | HR5: 1.29424 | HS5: 1.253016 | HT5: 1.254628 | HU5: 1.230769 | HV5: 1.188947 | HW5: 1.193691 | HX5: 1.191664 | HY5: 1.136945 | HZ5: 1.124785 | IA5: 1.106638 | IB5: 1.077389 | IC5: 1.062604 | ID5: 1.073935 | IE5: 1.03308 | IF5: 1.008161 | IG5: 1.004661 | IH5: 0.98702 | II5: 0.992915 | IJ5: 0.973939 | IK5: 0.941236 | IL5: 0.941605 | IM5: 0.910744 | IN5: 0.901809 | IO5: 0.908395 | IP5: 0.892182 | IQ5: 0.865007 | IR5: 0.852755 | IS5: 0.839029 | IT5: 0.835989 | IU5: 0.821664 | IV5: 0.809643 | IW5: 0.804806 | IX5: 0.800016 | IY5: 0.782283 | IZ5: 0.761464 | JA5: 0.735947 | JB5: 0.737835 | JC5: 0.729406 | JD5: 0.719411 | JE5: 0.704948 | JF5: 0.692881 | JG5: 0.685972 | JH5: 0.703659 | JI5: 0.693894 | JJ5: 0.685511 | JK5: 0.682609 | JL5: 0.65723 | JM5: 0.639267 | JN5: 0.636273 | JO5: 0.642905 | JP5: 0.627107 | JQ5: 0.605827 | JR5: 0.58358 | JS5: 0.576625 | JT5: 0.596523 | JU5: 0.598089 | JV5: 0.579389 | JW5: 0.563498 | JX5: 0.55705 | JY5: 0.55295 | JZ5: 0.537014 | KA5: 0.53577 | KB5: 0.532914 | KC5: 0.51905 | KD5: 0.517853 | KE5: 0.51624 | KF5: 0.508548 | KG5: 0.51251 | KH5: 0.511865 | KI5: 0.501179 | KJ5: 0.489526 | KK5: 0.47732 | KL5: 0.477873 | KM5: 0.478609 | KN5: 0.466818 | KO5: 0.466864 | KP5: 0.473267 | KQ5: 0.468845 | KR5: 0.447197 | KS5: 0.441854 | KT5: 0.449776 | KU5: 0.437846 | KV5: 0.43324 | KW5: 0.419008 | KX5: 0.413527 | KY5: 0.40694 | KZ5: 0.401459 | LA5: 0.402242 | LB5: 0.412421 | LC5: 0.412283 | LD5: 0.404177 | LE5: 0.399018 | LF5: 0.401044 | LG5: 0.380456 | LH5: 0.374928 | LI5: 0.373777 | LJ5: 0.34826 | LK5: 0.362124 | LL5: 0.366545 | LM5: 0.373362 | LN5: 0.376863 | LO5: 0.363045 | LP5: 0.346003 | LQ5: 0.346648 | LR5: 0.358623 | LS5: 0.334994 | LT5: 0.344022 | LU5: 0.33283 | LV5: 0.319795 | LW5: 0.314267 | LX5: 0.325368 | LY5: 0.340844 | LZ5: 0.323479 | MA5: 0.312701 | MB5: 0.308832 | MC5: 0.31353 | MD5: 0.308694 | ME5: 0.315557 | MF5: 0.316202 | MG5: 0.312241 | MH5: 0.30091 | MI5: 0.301693 | MJ5: 0.294416 | MK5: 0.291191 | ML5: 0.295705 | MM5: 0.300542 | MN5: 0.279814 | MO5: 0.299528 | MP5: 0.289165 | MQ5: 0.273873 | MR5: 0.269083 | MS5: 0.278985 | MT5: 0.268207 | MU5: 0.268852 | MV5: 0.265812 | MW5: 0.268392 | MX5: 0.274564 | MY5: 0.267102 | MZ5: 0.255495 | NA5: 0.258535 | NB5: 0.268438 | NC5: 0.244394 | ND5: 0.241769 | NE5: 0.247849 | NF5: 0.239742 | NG5: 0.254666 | NH5: 0.244533 | NI5: 0.252731 | NJ5: 0.248217 | NK5: 0.23919 | NL5: 0.245822 | NM5: 0.243888 | NN5: 0.23357 | NO5: 0.237163 | NP5: 0.221272 | NQ5: 0.224404 | NR5: 0.238683 | NS5: 0.22749 | NT5: 0.234906 | NU5: 0.230392 | NV5: 0.23988 | NW5: 0.22597 | NX5: 0.213488 | NY5: 0.217772 | NZ5: 0.22399 | OA5: 0.223069 | OB5: 0.21008 | OC5: 0.220812 | OD5: 0.222838 | OE5: 0.209481 | OF5: 0.206165 | OG5: 0.209941 | OH5: 0.218324 | OI5: 0.212291 | OJ5: 0.215238 | OK5: 0.184701 | OL5: 0.181661 | OM5: 0.196492 | ON5: 0.205658 | OO5: 0.206441 | OP5: 0.20902 | OQ5: 0.18705 | OR5: 0.199808 | OS5: 0.203862 | OT5: 0.189629 | OU5: 0.169178 | OV5: 0.194235 | OW5: 0.186359 | OX5: 0.192715 | OY5: 0.190458 | OZ5: 0.172264 | PA5: 0.194189 | PB5: 0.183595 | PC5: 0.180647 | PD5: 0.18728 | PE5: 0.177009 | PF5: 0.172449 | PG5: 0.189537 | PH5: 0.184839 | PI5: 0.184056 | PJ5: 0.175949 | PK5: 0.178298 | PL5: 0.17079 | PM5: 0.163881 | PN5: 0.177009 | PO5: 0.16577 | PP5: 0.152735 | PQ5: 0.174337 | PR5: 0.183503 | PS5: 0.154577 | PT5: 0.176594 | PU5: 0.179496 | PV5: 0.158815 | PW5: 0.168441 | PX5: 0.175949 | PY5: 0.181016 | PZ5: 0.168626 | QA5: 0.181108 | QB5: 0.172449 | QC5: 0.167889 | QD5: 0.159644 | QE5: 0.154485 | QF5: 0.166875 | QG5: 0.152366 | QH5: 0.163743 | QI5: 0.15946 | QJ5: 0.140207 | QK5: 0.146241 | QL5: 0.152459 | QM5: 0.149787 | QN5: 0.154669 | QO5: 0.172541 | QP5: 0.170146 | QQ5: 0.159045 | QR5: 0.143062 | QS5: 0.139608 | QT5: 0.156236 | QU5: 0.141082 | QV5: 0.145642 | QW5: 0.15384 | QX5: 0.148958 | QY5: 0.154669 | QZ5: 0.155314 | RA5: 0.147714 | RB5: 0.13514 | RC5: 0.161578 | RD5: 0.156834 | RE5: 0.135555 | RF5: 0.130903 | RG5: 0.136153 | RH5: 0.146977 | RI5: 0.148083 | RJ5: 0.137581 | RK5: 0.123395 | RL5: 0.132192 | RM5: 0.141496 | RN5: 0.126619 | RO5: 0.128139 | RP5: 0.137489 | RQ5: 0.131686 | RR5: 0.138733 | RS5: 0.135647 | RT5: 0.117914 | RU5: 0.14099 | RV5: 0.157617 | RW5: 0.145411 | RX5: 0.143707 | RY5: 0.146471 | RZ5: 0.138134 | SA5: 0.124684 | SB5: 0.122612 | SC5: 0.132054 | SD5: 0.129935 | SE5: 0.133574 | SF5: 0.136982 | SG5: 0.138502 | SH5: 0.134864 | SI5: 0.126112 | SJ5: 0.116578 | SK5: 0.120815 | SL5: 0.13993 | SM5: 0.146471 | SN5: 0.152689 | SO5: 0.146148 | SP5: 0.139562 | SQ5: 0.129383 | SR5: 0.126204 | SS5: 0.152919 | ST5: 0.166737 | SU5: 0.145457 | SV5: 0.131916 | SW5: 0.123164 | SX5: 0.123901 | SY5: 0.120263 | SZ5: 0.121829 | TA5: 0.121092 | TB5: 0.116992 | TC5: 0.120677 | TD5: 0.111603 | TE5: 0.108656 | TF5: 0.097601 | TG5: 0.106491 | TH5: 0.127126 | TI5: 0.114874 | TJ5: 0.101378 | TK5: 0.102253 | TL5: 0.092166 | TM5: 0.085395 | TN5: 0.109024 | TO5: 0.126066 | TP5: 0.110498 | TQ5: 0.09037 | TR5: 0.086501 | TS5: 0.087099 | TT5: 0.086593 | TU5: 0.085441 | TV5: 0.076183 | TW5: 0.07821 | TX5: 0.087744 | TY5: 0.068675 | TZ5: 0.072591 | UA5: 0.075861 | UB5: 0.050298 | UC5: 0.074986 | UD5: 0.055502 | UE5: 0.071669 | UF5: 0.09995 | UG5: 0.100687 | UH5: 0.080467 | UI5: 0.09235 | UJ5: 0.07236 | UK5: 0.09516 | UL5: 0.107089 | UM5: 0.069136 | UN5: 0.08277 | UO5: 0.105063 | UP5: 0.098062 | UQ5: 0.066925 | UR5: 0.091475 | US5: 0.095943 | UT5: 0.102161 | UU5: 0.116394 | UV5: 0.068768 | UW5: 0.104556 | UX5: 0.106076 | UY5: 0.104326 | UZ5: 0.116301 | VA5: 0.115058 | VB5: 0.095114 | VC5: 0.120815 | VD5: 0.103359 | VE5: 0.130764 | VF5: 0.100733 | VG5: 0.124132 | VH5: 0.101793 | VI5: 0.108057 | VJ5: 0.13233 | VK5: 0.127264 | VL5: 0.102944 | VM5: 0.123303 | VN5: 0.10557 | VO5: 0.119756 | VP5: 0.134081 | VQ5: 0.107136 | VR5: 0.114966 | VS5: 0.146056 | VT5: 0.123257 | VU5: 0.148728 | VV5: 0.147991 | VW5: 0.115795 | VX5: 0.127955 | VY5: 0.119065 | VZ5: 0.115334 | WA5: 0.093087 | WB5: 0.150432 | WC5: 0.125283 | WD5: 0.140575 | WE5: 0.161256 | WF5: 0.122612 | WG5: 0.143707 | WH5: 0.137213 | WI5: 0.105109 | WJ5: 0.142832 | WK5: 0.14928 | WL5: 0.107596 | WM5: 0.105155 | WN5: 0.02088 | WO5: 0.01863 | WP5: 1.1208
A6: 3 | B6: 45054 | C6: 0.45833333 | D6: 68.338 | E6: -133.7063 | F6: 0.11 | G6: 371 | H6: =4.4907*IT6^0.578 -> 4.0160054 | I6: 003_20230508 | J6: 0.05 | K6: 70.5151 | L6: 69.61835 | M6: 69.67404 | N6: 77.59309 | O6: 71.66996 | P6: 70.05588 | Q6: 66.66559 | R6: 68.45557 | S6: 66.23133 | T6: 66.37845 | U6: 65.37733 | V6: 64.26042 | W6: 63.91765 | X6: 60.89708 | Y6: 58.67588 | Z6: 56.71142 | AA6: 54.9376 | AB6: 53.03662 | AC6: 51.39868 | AD6: 49.57309 | AE6: 47.49698 | AF6: 46.00252 | AG6: 44.47065 | AH6: 43.03846 | AI6: 41.42074 | AJ6: 40.17252 | AK6: 38.9692 | AL6: 37.77634 | AM6: 36.75938 | AN6: 35.81515 | AO6: 34.84771 | AP6: 33.8488 | AQ6: 33.2526 | AR6: 32.4261 | AS6: 31.64101 | AT6: 31.08774 | AU6: 30.43668 | AV6: 29.90505 | AW6: 29.41212 | AX6: 28.90882 | AY6: 28.42469 | AZ6: 28.0247 | BA6: 27.7055 | BB6: 27.2829 | BC6: 26.94998 | BD6: 26.62595 | BE6: 26.3103 | BF6: 26.03472 | BG6: 25.80535 | BH6: 25.59508 | BI6: 25.31923 | BJ6: 25.07027 | BK6: 24.83145 | BL6: 24.65154 | BM6: 24.40954 | BN6: 24.12264 | BO6: 23.91537 | BP6: 23.70243 | BQ6: 23.47757 | BR6: 23.24607 | BS6: 22.96105 | BT6: 22.71454 | BU6: 22.53006 | BV6: 22.28627 | BW6: 22.01387 | BX6: 21.73272 | BY6: 21.39114 | BZ6: 21.11533 | CA6: 20.84938 | CB6: 20.58094 | CC6: 20.29989 | CD6: 19.918 | CE6: 19.57393 | CF6: 19.23843 | CG6: 18.79216 | CH6: 18.47536 | CI6: 18.16049 | CJ6: 17.81232 | CK6: 17.49492 | CL6: 17.1661 | CM6: 16.83788 | CN6: 16.49409 | CO6: 16.14477 | CP6: 15.78458 | CQ6: 15.48546 | CR6: 15.177 | CS6: 14.8689 | CT6: 14.58577 | CU6: 14.29283 | CV6: 13.92486 | CW6: 13.56099 | CX6: 13.2914 | CY6: 13.03139 | CZ6: 12.7717 | DA6: 12.51188 | DB6: 12.2299 | DC6: 11.95602 | DD6: 11.77938 | DE6: 11.5133 | DF6: 11.25435 | DG6: 11.01239 | DH6: 10.84225 | DI6: 10.56133 | DJ6: 10.28764 | DK6: 10.1572 | DL6: 9.930214 | DM6: 9.650399 | DN6: 9.470212 | DO6: 9.298132 | DP6: 9.105371 | DQ6: 8.887139 | DR6: 8.694378 | DS6: 8.495675 | DT6: 8.337275 | DU6: 8.170399 | DV6: 8.065474 | DW6: 7.923564 | DX6: 7.732092 | DY6: 7.566783 | DZ6: 7.374713 | EA6: 7.288857 | EB6: 7.096694 | EC6: 6.99937 | ED6: 6.804582 | EE6: 6.675061 | EF6: 6.561109 | EG6: 6.386956 | EH6: 6.36213 | EI6: 6.268121 | EJ6: 6.201611 | EK6: 6.129803 | EL6: 5.932758 | EM6: 5.876519 | EN6: 5.651194 | EO6: 5.617846 | EP6: 5.495234 | EQ6: 5.3647 | ER6: 5.322463 | ES6: 5.25061 | ET6: 5.040116 | EU6: 5.019204 | EV6: 4.933993 | EW6: 4.83653 | EX6: 4.741278 | EY6: 4.591077 | EZ6: 4.530093 | FA6: 4.535666 | FB6: 4.46349 | FC6: 4.211358 | FD6: 4.215043 | FE6: 4.280909 | FF6: 4.215826 | FG6: 3.970694 | FH6: 3.880877 | FI6: 3.916113 | FJ6: 3.868165 | FK6: 3.752508 | FL6: 3.666146 | FM6: 3.549384 | FN6: 3.6281 | FO6: 3.471865 | FP6: 3.461225 | FQ6: 3.384857 | FR6: 3.259298 | FS6: 3.246032 | FT6: 3.275971 | FU6: 3.113472 | FV6: 2.94761 | FW6: 2.983675 | FX6: 2.924165 | FY6: 2.886442 | FZ6: 2.848857 | GA6: 2.809476 | GB6: 2.678113 | GC6: 2.531227 | GD6: 2.649417 | GE6: 2.534129 | GF6: 2.434409 | GG6: 2.549145 | GH6: 2.472409 | GI6: 2.374025 | GJ6: 2.360713 | GK6: 2.300329 | GL6: 2.265876 | GM6: 2.210189 | GN6: 2.212031 | GO6: 2.141283 | GP6: 2.070858 | GQ6: 2.06989 | GR6: 2.032167 | GS6: 1.986936 | GT6: 1.958563 | GU6: 1.883163 | GV6: 1.881367 | GW6: 1.850507 | GX6: 1.815639 | GY6: 1.775475 | GZ6: 1.743878 | HA6: 1.730336 | HB6: 1.688467 | HC6: 1.653324 | HD6: 1.641394 | HE6: 1.603717 | HF6: 1.55494 | HG6: 1.545175 | HH6: 1.522145 | HI6: 1.510261 | HJ6: 1.489028 | HK6: 1.427445 | HL6: 1.410403 | HM6: 1.377102 | HN6: 1.374569 | HO6: 1.361395 | HP6: 1.300734 | HQ6: 1.28512 | HR6: 1.272361 | HS6: 1.243528 | HT6: 1.243758 | HU6: 1.222893 | HV6: 1.170477 | HW6: 1.169371 | HX6: 1.154448 | HY6: 1.142933 | HZ6: 1.120409 | IA6: 1.100005 | IB6: 1.074626 | IC6: 1.047957 | ID6: 1.041601 | IE6: 1.032481 | IF6: 1.022716 | IG6: 1.008069 | IH6: 0.97638 | II6: 0.975873 | IJ6: 0.957357 | IK6: 0.944737 | IL6: 0.934972 | IM6: 0.918759 | IN6: 0.908626 | IO6: 0.883523 | IP6: 0.871962 | IQ6: 0.862842 | IR6: 0.84299 | IS6: 0.829402 | IT6: 0.824244 | IU6: 0.819868 | IV6: 0.817841 | IW6: 0.789607 | IX6: 0.77192 | IY6: 0.761049 | IZ6: 0.754233 | JA6: 0.73673 | JB6: 0.710614 | JC6: 0.708587 | JD6: 0.698085 | JE6: 0.692282 | JF6: 0.685004 | JG6: 0.687077 | JH6: 0.690762 | JI6: 0.684498 | JJ6: 0.669897 | JK6: 0.671278 | JL6: 0.655572 | JM6: 0.634937 | JN6: 0.620198 | JO6: 0.634477 | JP6: 0.617296 | JQ6: 0.602327 | JR6: 0.588416 | JS6: 0.575474 | JT6: 0.582659 | JU6: 0.588831 | JV6: 0.574645 | JW6: 0.559997 | JX6: 0.548897 | JY6: 0.549358 | JZ6: 0.528769 | KA6: 0.529322 | KB6: 0.528723 | KC6: 0.52163 | KD6: 0.518405 | KE6: 0.514444 | KF6: 0.497955 | KG6: 0.488512 | KH6: 0.492704 | KI6: 0.498738 | KJ6: 0.483998 | KK6: 0.468108 | KL6: 0.469121 | KM6: 0.459587 | KN6: 0.454889 | KO6: 0.468522 | KP6: 0.4717 | KQ6: 0.450329 | KR6: 0.425364 | KS6: 0.426608 | KT6: 0.430431 | KU6: 0.433609 | KV6: 0.424397 | KW6: 0.405236 | KX6: 0.421541 | KY6: 0.427022 | KZ6: 0.410717 | LA6: 0.394043 | LB6: 0.399985 | LC6: 0.397175 | LD6: 0.386628 | LE6: 0.387134 | LF6: 0.390451 | LG6: 0.380824 | LH6: 0.383496 | LI6: 0.378613 | LJ6: 0.36088 | LK6: 0.366453 | LL6: 0.368756 | LM6: 0.379765 | LN6: 0.374882 | LO6: 0.360558 | LP6: 0.35738 | LQ6: 0.357149 | LR6: 0.357932 | LS6: 0.339969 | LT6: 0.348075 | LU6: 0.334672 | LV6: 0.31938 | LW6: 0.320485 | LX6: 0.326381 | LY6: 0.329744 | LZ6: 0.329237 | MA6: 0.313715 | MB6: 0.311273 | MC6: 0.324539 | MD6: 0.317676 | ME6: 0.309569 | MF6: 0.305792 | MG6: 0.308602 | MH6: 0.304503 | MI6: 0.298883 | MJ6: 0.291053 | MK6: 0.290224 | ML6: 0.291652 | MM6: 0.284927 | MN6: 0.278479 | MO6: 0.287921 | MP6: 0.284605 | MQ6: 0.275393 | MR6: 0.28373 | MS6: 0.281104 | MT6: 0.267885 | MU6: 0.257752 | MV6: 0.257383 | MW6: 0.25614 | MX6: 0.276268 | MY6: 0.261943 | MZ6: 0.252363 | NA6: 0.258304 | NB6: 0.263095 | NC6: 0.233893 | ND6: 0.249599 | NE6: 0.253146 | NF6: 0.24269 | NG6: 0.261344 | NH6: 0.237531 | NI6: 0.304917 | NJ6: 0.315143 | NK6: 0.33002 | NL6: 0.327348 | NM6: 0.352359 | NN6: 0.33154 | NO6: 0.357794 | NP6: 0.346141 | NQ6: 0.342594 | NR6: 0.353879 | NS6: 0.347937 | NT6: 0.350378 | NU6: 0.349872 | NV6: 0.356182 | NW6: 0.342963 | NX6: 0.329882 | NY6: 0.337942 | NZ6: 0.340982 | OA6: 0.341765 | OB6: 0.317399 | OC6: 0.320578 | OD6: 0.304733 | OE6: 0.305009 | OF6: 0.2905 | OG6: 0.277696 | OH6: 0.284513 | OI6: 0.260746 | OJ6: 0.263003 | OK6: 0.249829 | OL6: 0.236472 | OM6: 0.248309 | ON6: 0.236979 | OO6: 0.234538 | OP6: 0.232787 | OQ6: 0.211968 | OR6: 0.21206 | OS6: 0.219476 | OT6: 0.210172 | OU6: 0.198012 | OV6: 0.199394 | OW6: 0.193774 | OX6: 0.190136 | OY6: 0.189307 | OZ6: 0.186036 | PA6: 0.190965 | PB6: 0.194511 | PC6: 0.170007 | PD6: 0.171758 | PE6: 0.173047 | PF6: 0.176226 | PG6: 0.194511 | PH6: 0.18857 | PI6: 0.179956 | PJ6: 0.181246 | PK6: 0.161901 | PL6: 0.177147 | PM6: 0.16881 | PN6: 0.155268 | PO6: 0.163191 | PP6: 0.17314 | PQ6: 0.187188 | PR6: 0.186175 | PS6: 0.157065 | PT6: 0.167981 | PU6: 0.172172 | PV6: 0.175581 | PW6: 0.160565 | PX6: 0.155775 | PY6: 0.16752 | PZ6: 0.175995 | QA6: 0.178298 | QB6: 0.166645 | QC6: 0.166921 | QD6: 0.15338 | QE6: 0.160105 | QF6: 0.160795 | QG6: 0.159229 | QH6: 0.162361 | QI6: 0.154669 | QJ6: 0.154393 | QK6: 0.147899 | QL6: 0.156972 | QM6: 0.149787 | QN6: 0.165033 | QO6: 0.177792 | QP6: 0.168119 | QQ6: 0.155545 | QR6: 0.155959 | QS6: 0.151722 | QT6: 0.15513 | QU6: 0.13841 | QV6: 0.135831 | QW6: 0.154163 | QX6: 0.148451 | QY6: 0.144306 | QZ6: 0.131455 | RA6: 0.132975 | RB6: 0.128692 | RC6: 0.153011 | RD6: 0.160657 | RE6: 0.135739 | RF6: 0.13841 | RG6: 0.146655 | RH6: 0.138364 | RI6: 0.150386 | RJ6: 0.157617 | RK6: 0.137167 | RL6: 0.123717 | RM6: 0.137581 | RN6: 0.143891 | RO6: 0.144905 | RP6: 0.146701 | RQ6: 0.126389 | RR6: 0.134633 | RS6: 0.143707 | RT6: 0.131133 | RU6: 0.149373 | RV6: 0.154762 | RW6: 0.136798 | RX6: 0.147346 | RY6: 0.14928 | RZ6: 0.13339 | SA6: 0.123072 | SB6: 0.123855 | SC6: 0.113814 | SD6: 0.118789 | SE6: 0.139193 | SF6: 0.14601 | SG6: 0.15338 | SH6: 0.13081 | SI6: 0.115657 | SJ6: 0.132422 | SK6: 0.137765 | SL6: 0.14882 | SM6: 0.147346 | SN6: 0.144767 | SO6: 0.147484 | SP6: 0.143845 | SQ6: 0.133528 | SR6: 0.125652 | SS6: 0.140115 | ST6: 0.14601 | SU6: 0.130166 | SV6: 0.139101 | SW6: 0.139055 | SX6: 0.127863 | SY6: 0.124961 | SZ6: 0.131455 | TA6: 0.144674 | TB6: 0.123671 | TC6: 0.116117 | TD6: 0.121276 | TE6: 0.125237 | TF6: 0.117821 | TG6: 0.119434 | TH6: 0.132975 | TI6: 0.104971 | TJ6: 0.094745 | TK6: 0.110912 | TL6: 0.111511 | TM6: 0.089126 | TN6: 0.095805 | TO6: 0.113077 | TP6: 0.111189 | TQ6: 0.085626 | TR6: 0.095252 | TS6: 0.086409 | TT6: 0.088343 | TU6: 0.07996 | TV6: 0.076828 | TW6: 0.076137 | TX6: 0.078532 | TY6: 0.079131 | TZ6: 0.069412 | UA6: 0.047764 | UB6: 0.05412 | UC6: 0.062411 | UD6: 0.049699 | UE6: 0.068123 | UF6: 0.065543 | UG6: 0.051864 | UH6: 0.058773 | UI6: 0.092627 | UJ6: 0.078348 | UK6: 0.071347 | UL6: 0.103589 | UM6: 0.083599 | UN6: 0.047212 | UO6: 0.107412 | UP6: 0.091199 | UQ6: 0.047718 | UR6: 0.085764 | US6: 0.090185 | UT6: 0.091429 | UU6: 0.117407 | UV6: 0.06932 | UW6: 0.109669 | UX6: 0.114045 | UY6: 0.132699 | UZ6: 0.101194 | VA6: 0.124086 | VB6: 0.120447 | VC6: 0.114689 | VD6: 0.13385 | VE6: 0.158861 | VF6: 0.099259 | VG6: 0.123763 | VH6: 0.110682 | VI6: 0.121875 | VJ6: 0.130718 | VK6: 0.130672 | VL6: 0.135693 | VM6: 0.118558 | VN6: 0.113492 | VO6: 0.13514 | VP6: 0.131087 | VQ6: 0.130949 | VR6: 0.111465 | VS6: 0.16121 | VT6: 0.148728 | VU6: 0.145734 | VV6: 0.145181 | VW6: 0.12473 | VX6: 0.112939 | VY6: 0.13362 | VZ6: 0.130903 | WA6: 0.092028 | WB6: 0.131686 | WC6: 0.15688 | WD6: 0.11667 | WE6: 0.173416 | WF6: 0.140944 | WG6: 0.15186 | WH6: 0.167428 | WI6: 0.128093 | WJ6: 0.144582 | WK6: 0.159045 | WL6: 0.158492 | WM6: 0.152366 | WN6: 0.02068 | WO6: 0.01884 | WP6: 1.0977
A7: 4 | B7: 45055 | C7: 0.41666667 | D7: 68.338 | E7: -133.7063 | F7: 0.13 | G7: 371 | H7: =4.4907*IT7^0.578 -> 4.2694974 | I7: 004_20230509 | J7: 0.05 | K7: 70.74503 | L7: 74.81857 | M7: 76.91546 | N7: 72.81625 | O7: 73.37906 | P7: 73.20758 | Q7: 72.71055 | R7: 73.06254 | S7: 70.03114 | T7: 67.69572 | U7: 66.7338 | V7: 65.49534 | W7: 64.15559 | X7: 62.93344 | Y7: 60.53924 | Z7: 58.4938 | AA7: 56.72929 | AB7: 54.90025 | AC7: 52.98171 | AD7: 51.13876 | AE7: 49.38231 | AF7: 47.74718 | AG7: 46.04213 | AH7: 44.63656 | AI7: 43.06873 | AJ7: 41.62719 | AK7: 40.27067 | AL7: 39.26551 | AM7: 38.15219 | AN7: 37.16646 | AO7: 36.11233 | AP7: 35.25105 | AQ7: 34.44717 | AR7: 33.52403 | AS7: 32.71679 | AT7: 32.08779 | AU7: 31.43733 | AV7: 30.86448 | AW7: 30.35695 | AX7: 29.828 | AY7: 29.38946 | AZ7: 28.93715 | BA7: 28.5099 | BB7: 28.03981 | BC7: 27.72167 | BD7: 27.32873 | BE7: 27.00129 | BF7: 26.6979 | BG7: 26.42485 | BH7: 26.2086 | BI7: 25.88001 | BJ7: 25.63405 | BK7: 25.39325 | BL7: 25.2021 | BM7: 24.9373 | BN7: 24.6819 | BO7: 24.54473 | BP7: 24.33285 | BQ7: 24.04286 | BR7: 23.83679 | BS7: 23.58272 | BT7: 23.28655 | BU7: 23.06597 | BV7: 22.84834 | BW7: 22.56945 | BX7: 22.24587 | BY7: 21.93902 | BZ7: 21.66524 | CA7: 21.33016 | CB7: 21.03072 | CC7: 20.75841 | CD7: 20.4096 | CE7: 20.04946 | CF7: 19.69466 | CG7: 19.28615 | CH7: 18.95461 | CI7: 18.61229 | CJ7: 18.24999 | CK7: 17.95474 | CL7: 17.64936 | CM7: 17.30364 | CN7: 16.90941 | CO7: 16.55387 | CP7: 16.22473 | CQ7: 15.9223 | CR7: 15.60075 | CS7: 15.20629 | CT7: 14.95324 | CU7: 14.72331 | CV7: 14.35524 | CW7: 13.97299 | CX7: 13.70128 | CY7: 13.43308 | CZ7: 13.16386 | DA7: 12.89362 | DB7: 12.5964 | DC7: 12.33805 | DD7: 12.09034 | DE7: 11.83995 | DF7: 11.64871 | DG7: 11.37825 | DH7: 11.10525 | DI7: 10.88471 | DJ7: 10.67698 | DK7: 10.42697 | DL7: 10.23338 | DM7: 10.00188 | DN7: 9.812438 | DO7: 9.622671 | DP7: 9.413973 | DQ7: 9.241755 | DR7: 9.054245 | DS7: 8.869175 | DT7: 8.66863 | DU7: 8.50848 | DV7: 8.336998 | DW7: 8.201121 | DX7: 8.026462 | DY7: 7.970821 | DZ7: 7.819468 | EA7: 7.562822 | EB7: 7.385491 | EC7: 7.316032 | ED7: 7.098721 | EE7: 7.025532 | EF7: 6.958699 | EG7: 6.76953 | EH7: 6.691182 | EI7: 6.503257 | EJ7: 6.475944 | EK7: 6.344627 | EL7: 6.105483 | EM7: 6.087197 | EN7: 5.987892 | EO7: 5.867491 | EP7: 5.707801 | EQ7: 5.645897 | ER7: 5.672059 | ES7: 5.42246 | ET7: 5.314265 | EU7: 5.390402 | EV7: 5.179723 | EW7: 5.020678 | EX7: 4.986363 | EY7: 4.823219 | EZ7: 4.840676 | FA7: 4.835655 | FB7: 4.67965 | FC7: 4.563901 | FD7: 4.533686 | FE7: 4.536219 | FF7: 4.365935 | FG7: 4.333371 | FH7: 4.213292 | FI7: 4.155211 | FJ7: 4.00547 | FK7: 3.930116 | FL7: 3.880233 | FM7: 3.822473 | FN7: 3.755041 | FO7: 3.67522 | FP7: 3.64201 | FQ7: 3.628008 | FR7: 3.462791 | FS7: 3.530223 | FT7: 3.363532 | FU7: 3.361597 | FV7: 3.211948 | FW7: 3.150642 | FX7: 3.167638 | FY7: 3.138851 | FZ7: 2.926883 | GA7: 3.014903 | GB7: 2.915644 | GC7: 2.716296 | GD7: 2.811088 | GE7: 2.732417 | GF7: 2.576366 | GG7: 2.662867 | GH7: 2.625696 | GI7: 2.532287 | GJ7: 2.496406 | GK7: 2.456886 | GL7: 2.415847 | GM7: 2.364168 | GN7: 2.333169 | GO7: 2.275088 | GP7: 2.21088 | GQ7: 2.189278 | GR7: 2.143264 | GS7: 2.096559 | GT7: 2.042669 | GU7: 1.971092 | GV7: 1.954971 | GW7: 1.931618 | GX7: 1.934796 | GY7: 1.882426 | GZ7: 1.843413 | HA7: 1.816652 | HB7: 1.770086 | HC7: 1.740653 | HD7: 1.708458 | HE7: 1.6688 | HF7: 1.650975 | HG7: 1.621773 | HH7: 1.622279 | HI7: 1.593308 | HJ7: 1.54476 | HK7: 1.506761 | HL7: 1.483086 | HM7: 1.463326 | HN7: 1.438546 | HO7: 1.445916 | HP7: 1.399671 | HQ7: 1.370193 | HR7: 1.355868 | HS7: 1.307091 | HT7: 1.323488 | HU7: 1.29447 | HV7: 1.249976 | HW7: 1.246844 | HX7: 1.232197 | HY7: 1.199402 | HZ7: 1.190006 | IA7: 1.166746 | IB7: 1.150947 | IC7: 1.148368 | ID7: 1.146295 | IE7: 1.104657 | IF7: 1.092543 | IG7: 1.077804 | IH7: 1.058136 | II7: 1.044871 | IJ7: 1.03483 | IK7: 1.018939 | IL7: 1.019492 | IM7: 0.989138 | IN7: 0.969885 | IO7: 0.956712 | IP7: 0.944322 | IQ7: 0.918713 | IR7: 0.889741 | IS7: 0.895314 | IT7: 0.916318 | IU7: 0.893564 | IV7: 0.885734 | IW7: 0.868784 | IX7: 0.857407 | IY7: 0.833732 | IZ7: 0.829679 | JA7: 0.809551 | JB7: 0.78477 | JC7: 0.785415 | JD7: 0.769985 | JE7: 0.765978 | JF7: 0.758148 | JG7: 0.750732 | JH7: 0.750133 | JI7: 0.747047 | JJ7: 0.737328 | JK7: 0.736177 | JL7: 0.725491 | JM7: 0.701724 | JN7: 0.680675 | JO7: 0.702737 | JP7: 0.700434 | JQ7: 0.672891 | JR7: 0.662435 | JS7: 0.644103 | JT7: 0.638069 | JU7: 0.639635 | JV7: 0.635398 | JW7: 0.621165 | JX7: 0.620336 | JY7: 0.614625 | JZ7: 0.595049 | KA7: 0.593437 | KB7: 0.591226 | KC7: 0.582613 | KD7: 0.584041 | KE7: 0.572157 | KF7: 0.556635 | KG7: 0.562807 | KH7: 0.556681 | KI7: 0.533283 | KJ7: 0.526051 | KK7: 0.527755 | KL7: 0.532039 | KM7: 0.517208 | KN7: 0.512095 | KO7: 0.525545 | KP7: 0.512464 | KQ7: 0.501593 | KR7: 0.486348 | KS7: 0.499198 | KT7: 0.508687 | KU7: 0.482156 | KV7: 0.46995 | KW7: 0.470871 | KX7: 0.487729 | KY7: 0.480176 | KZ7: 0.457284 | LA7: 0.445446 | LB7: 0.444617 | LC7: 0.442821 | LD7: 0.457376 | LE7: 0.46083 | LF7: 0.447933 | LG7: 0.442544 | LH7: 0.437294 | LI7: 0.419653 | LJ7: 0.412467 | LK7: 0.428082 | LL7: 0.434392 | LM7: 0.419422 | LN7: 0.420436 | LO7: 0.416198 | LP7: 0.405052 | LQ7: 0.408875 | LR7: 0.406203 | LS7: 0.38999 | LT7: 0.395425 | LU7: 0.380087 | LV7: 0.371796 | LW7: 0.376587 | LX7: 0.374007 | LY7: 0.369355 | LZ7: 0.377922 | MA7: 0.365532 | MB7: 0.359683 | MC7: 0.368848 | MD7: 0.35176 | ME7: 0.3548 | MF7: 0.35807 | MG7: 0.357241 | MH7: 0.353188 | MI7: 0.355767 | MJ7: 0.346233 | MK7: 0.338495 | ML7: 0.333382 | MM7: 0.336376 | MN7: 0.338771 | MO7: 0.336929 | MP7: 0.339048 | MQ7: 0.330527 | MR7: 0.332599 | MS7: 0.323387 | MT7: 0.309293 | MU7: 0.315557 | MV7: 0.307174 | MW7: 0.310675 | MX7: 0.317031 | MY7: 0.31482 | MZ7: 0.305838 | NA7: 0.300265 | NB7: 0.305055 | NC7: 0.283776 | ND7: 0.28396 | NE7: 0.299344 | NF7: 0.286723 | NG7: 0.292803 | NH7: 0.295567 | NI7: 0.312149 | NJ7: 0.286217 | NK7: 0.295337 | NL7: 0.286816 | NM7: 0.268806 | NN7: 0.272169 | NO7: 0.288704 | NP7: 0.269359 | NQ7: 0.272721 | NR7: 0.283822 | NS7: 0.26572 | NT7: 0.264246 | NU7: 0.271201 | NV7: 0.272813 | NW7: 0.263832 | NX7: 0.26549 | NY7: 0.260746 | NZ7: 0.258166 | OA7: 0.268898 | OB7: 0.252317 | OC7: 0.270695 | OD7: 0.281473 | OE7: 0.253975 | OF7: 0.255218 | OG7: 0.264292 | OH7: 0.266457 | OI7: 0.240065 | OJ7: 0.252547 | OK7: 0.232465 | OL7: 0.223898 | OM7: 0.255126 | ON7: 0.255311 | OO7: 0.251902 | OP7: 0.248586 | OQ7: 0.225648 | OR7: 0.235551 | OS7: 0.245638 | OT7: 0.236426 | OU7: 0.232879 | OV7: 0.247112 | OW7: 0.228642 | OX7: 0.223483 | OY7: 0.216758 | OZ7: 0.216712 | PA7: 0.23053 | PB7: 0.228412 | PC7: 0.208053 | PD7: 0.202802 | PE7: 0.227582 | PF7: 0.214041 | PG7: 0.234169 | PH7: 0.218509 | PI7: 0.214271 | PJ7: 0.218417 | PK7: 0.197782 | PL7: 0.200407 | PM7: 0.219153 | PN7: 0.190965 | PO7: 0.200776 | PP7: 0.192945 | PQ7: 0.209251 | PR7: 0.206671 | PS7: 0.200177 | PT7: 0.21183 | PU7: 0.208514 | PV7: 0.211323 | PW7: 0.211646 | PX7: 0.206902 | PY7: 0.195248 | PZ7: 0.202203 | QA7: 0.208099 | QB7: 0.202756 | QC7: 0.198242 | QD7: 0.196492 | QE7: 0.191287 | QF7: 0.197505 | QG7: 0.199808 | QH7: 0.215284 | QI7: 0.200407 | QJ7: 0.201513 | QK7: 0.198196 | QL7: 0.194696 | QM7: 0.193268 | QN7: 0.185898 | QO7: 0.196906 | QP7: 0.198426 | QQ7: 0.209158 | QR7: 0.195801 | QS7: 0.195156 | QT7: 0.206211 | QU7: 0.191333 | QV7: 0.19382 | QW7: 0.198657 | QX7: 0.184608 | QY7: 0.185069 | QZ7: 0.175074 | RA7: 0.179818 | RB7: 0.17991 | RC7: 0.199578 | RD7: 0.202019 | RE7: 0.170238 | RF7: 0.159552 | RG7: 0.175949 | RH7: 0.185299 | RI7: 0.194327 | RJ7: 0.209803 | RK7: 0.192024 | RL7: 0.160289 | RM7: 0.173923 | RN7: 0.18295 | RO7: 0.17664 | RP7: 0.186543 | RQ7: 0.167152 | RR7: 0.169915 | RS7: 0.180739 | RT7: 0.159275 | RU7: 0.170929 | RV7: 0.181522 | RW7: 0.169363 | RX7: 0.166415 | RY7: 0.182996 | RZ7: 0.181983 | SA7: 0.171067 | SB7: 0.167014 | SC7: 0.162408 | SD7: 0.172541 | SE7: 0.186267 | SF7: 0.175166 | SG7: 0.169317 | SH7: 0.155683 | SI7: 0.145596 | SJ7: 0.155959 | SK7: 0.169731 | SL7: 0.177838 | SM7: 0.166092 | SN7: 0.169639 | SO7: 0.161947 | SP7: 0.165033 | SQ7: 0.183365 | SR7: 0.183641 | SS7: 0.186911 | ST7: 0.17687 | SU7: 0.158124 | SV7: 0.172817 | SW7: 0.162684 | SX7: 0.138042 | SY7: 0.144674 | SZ7: 0.153748 | TA7: 0.160381 | TB7: 0.141957 | TC7: 0.135739 | TD7: 0.148451 | TE7: 0.153011 | TF7: 0.142602 | TG7: 0.135278 | TH7: 0.149373 | TI7: 0.134772 | TJ7: 0.143431 | TK7: 0.155545 | TL7: 0.134035 | TM7: 0.132561 | TN7: 0.137259 | TO7: 0.14145 | TP7: 0.128369 | TQ7: 0.109254 | TR7: 0.108563 | TS7: 0.119848 | TT7: 0.121138 | TU7: 0.107043 | TV7: 0.100319 | TW7: 0.073696 | TX7: 0.104372 | TY7: 0.101424 | TZ7: 0.087882 | UA7: 0.084428 | UB7: 0.084612 | UC7: 0.104142 | UD7: 0.087744 | UE7: 0.067386 | UF7: 0.077427 | UG7: 0.086731 | UH7: 0.116394 | UI7: 0.133252 | UJ7: 0.107919 | UK7: 0.124408 | UL7: 0.133021 | UM7: 0.087099 | UN7: 0.062503 | UO7: 0.121506 | UP7: 0.1321 | UQ7: 0.09516 | UR7: 0.098891 | US7: 0.105201 | UT7: 0.119065 | UU7: 0.155545 | UV7: 0.110176 | UW7: 0.119111 | UX7: 0.146379 | UY7: 0.143339 | UZ7: 0.130856 | VA7: 0.121322 | VB7: 0.143984 | VC7: 0.153426 | VD7: 0.134726 | VE7: 0.167981 | VF7: 0.11492 | VG7: 0.123441 | VH7: 0.144628 | VI7: 0.146194 | VJ7: 0.168349 | VK7: 0.128231 | VL7: 0.149971 | VM7: 0.152735 | VN7: 0.140437 | VO7: 0.164757 | VP7: 0.159322 | VQ7: 0.172863 | VR7: 0.14882 | VS7: 0.202802 | VT7: 0.1812 | VU7: 0.185852 | VV7: 0.174107 | VW7: 0.169777 | VX7: 0.175673 | VY7: 0.138548 | VZ7: 0.161302 | WA7: 0.151768 | WB7: 0.146839 | WC7: 0.143154 | WD7: 0.179588 | WE7: 0.197597 | WF7: 0.143845 | WG7: 0.20294 | WH7: 0.159322 | WI7: 0.173324 | WJ7: 0.140207 | WK7: 0.214594 | WL7: 0.165586 | WM7: 0.16296 | WN7: 0.0204 | WO7: 0.01889 | WP7: 1.0799
A8: 5 | B8: 45056 | C8: 0.41666667 | D8: 68.338 | E8: -133.7063 | F8: 0.16 | G8: 367 | H8: =4.4907*IT8^0.578 -> 4.5644056 | I8: 005_20230510 | J8: 0.05 | K8: 73.62023 | L8: 73.85177 | M8: 73.46312 | N8: 73.74777 | O8: 73.4681 | P8: 70.93014 | Q8: 72.81957 | R8: 74.43015 | S8: 73.0986 | T8: 69.43246 | U8: 67.16635 | V8: 66.02337 | W8: 64.49091 | X8: 61.48899 | Y8: 59.6307 | Z8: 57.9882 | AA8: 56.46588 | AB8: 54.36752 | AC8: 52.48625 | AD8: 50.66715 | AE8: 48.61495 | AF8: 47.1074 | AG8: 45.31268 | AH8: 43.83281 | AI8: 42.45608 | AJ8: 41.18533 | AK8: 39.8057 | AL8: 38.62228 | AM8: 37.64074 | AN8: 36.56105 | AO8: 35.57564 | AP8: 34.64716 | AQ8: 33.87552 | AR8: 33.03718 | AS8: 32.20313 | AT8: 31.59748 | AU8: 31.03085 | AV8: 30.38744 | AW8: 29.86811 | AX8: 29.41355 | AY8: 29.04129 | AZ8: 28.52546 | BA8: 28.15477 | BB8: 27.7348 | BC8: 27.44927 | BD8: 27.09503 | BE8: 26.7955 | BF8: 26.53024 | BG8: 26.24844 | BH8: 26.07452 | BI8: 25.72469 | BJ8: 25.447 | BK8: 25.2494 | BL8: 25.05226 | BM8: 24.83205 | BN8: 24.64569 | BO8: 24.48775 | BP8: 24.30701 | BQ8: 24.02471 | BR8: 23.76931 | BS8: 23.53367 | BT8: 23.27918 | BU8: 23.08154 | BV8: 22.86308 | BW8: 22.54499 | BX8: 22.25767 | BY8: 21.94234 | BZ8: 21.65106 | CA8: 21.39713 | CB8: 21.09852 | CC8: 20.72064 | CD8: 20.37119 | CE8: 20.03435 | CF8: 19.69751 | CG8: 19.36187 | CH8: 18.98685 | CI8: 18.61635 | CJ8: 18.28762 | CK8: 17.99905 | CL8: 17.66525 | CM8: 17.32588 | CN8: 16.94764 | CO8: 16.59123 | CP8: 16.26379 | CQ8: 15.93409 | CR8: 15.65427 | CS8: 15.28248 | CT8: 14.95729 | CU8: 14.72133 | CV8: 14.38785 | CW8: 14.05701 | CX8: 13.77424 | CY8: 13.50221 | CZ8: 13.2224 | DA8: 12.94553 | DB8: 12.70464 | DC8: 12.43265 | DD8: 12.22492 | DE8: 11.92673 | DF8: 11.66953 | DG8: 11.47193 | DH8: 11.25495 | DI8: 11.01705 | DJ8: 10.75823 | DK8: 10.53466 | DL8: 10.29561 | DM8: 10.12053 | DN8: 9.923811 | DO8: 9.717416 | DP8: 9.539072 | DQ8: 9.364505 | DR8: 9.158524 | DS8: 8.951669 | DT8: 8.763974 | DU8: 8.621373 | DV8: 8.475961 | DW8: 8.309086 | DX8: 8.158331 | DY8: 8.09615 | DZ8: 7.895513 | EA8: 7.678432 | EB8: 7.514459 | EC8: 7.340674 | ED8: 7.263662 | EE8: 7.163666 | EF8: 7.095865 | EG8: 6.928161 | EH8: 6.835949 | EI8: 6.657236 | EJ8: 6.539368 | EK8: 6.484972 | EL8: 6.245321 | EM8: 6.13487 | EN8: 6.048185 | EO8: 5.958782 | EP8: 5.889324 | EQ8: 5.74184 | ER8: 5.607621 | ES8: 5.562804 | ET8: 5.420525 | EU8: 5.413478 | EV8: 5.228685 | EW8: 5.223895 | EX8: 5.119615 | EY8: 4.927775 | EZ8: 4.891848 | FA8: 4.947212 | FB8: 4.847953 | FC8: 4.693882 | FD8: 4.639624 | FE8: 4.697291 | FF8: 4.465195 | FG8: 4.297859 | FH8: 4.260412 | FI8: 4.271374 | FJ8: 4.170917 | FK8: 4.051023 | FL8: 3.982394 | FM8: 3.913396 | FN8: 3.985986 | FO8: 3.863513 | FP8: 3.870238 | FQ8: 3.69673 | FR8: 3.578401 | FS8: 3.6053 | FT8: 3.54791 | FU8: 3.44211 | FV8: 3.402084 | FW8: 3.284216 | FX8: 3.242302 | FY8: 3.24852 | FZ8: 3.112136 | GA8: 3.044105 | GB8: 3.122453 | GC8: 2.842823 | GD8: 2.913756 | GE8: 2.84637 | GF8: 2.851068 | GG8: 2.78838 | GH8: 2.734122 | GI8: 2.634033 | GJ8: 2.661116 | GK8: 2.596863 | GL8: 2.497604 | GM8: 2.491431 | GN8: 2.458222 | GO8: 2.410228 | GP8: 2.326767 | GQ8: 2.314147 | GR8: 2.234094 | GS8: 2.217282 | GT8: 2.173111 | GU8: 2.114246 | GV8: 2.073713 | GW8: 2.054691 | GX8: 2.033779 | GY8: 1.989838 | GZ8: 1.96059 | HA8: 1.926828 | HB8: 1.898547 | HC8: 1.837287 | HD8: 1.850184 | HE8: 1.777732 | HF8: 1.757742 | HG8: 1.736324 | HH8: 1.724118 | HI8: 1.71684 | HJ8: 1.655903 | HK8: 1.623753 | HL8: 1.602289 | HM8: 1.583174 | HN8: 1.568021 | HO8: 1.544484 | HP8: 1.497457 | HQ8: 1.490409 | HR8: 1.47065 | HS8: 1.435644 | HT8: 1.436151 | HU8: 1.398842 | HV8: 1.373233 | HW8: 1.379912 | HX8: 1.360382 | HY8: 1.327035 | HZ8: 1.310914 | IA8: 1.297464 | IB8: 1.281159 | IC8: 1.270657 | ID8: 1.249331 | IE8: 1.225657 | IF8: 1.201798 | IG8: 1.192816 | IH8: 1.171812 | II8: 1.157856 | IJ8: 1.138004 | IK8: 1.130635 | IL8: 1.129161 | IM8: 1.099268 | IN8: 1.086555 | IO8: 1.069605 | IP8: 1.060716 | IQ8: 1.040219 | IR8: 1.022486 | IS8: 1.018294 | IT8: 1.028566 | IU8: 1.011109 | IV8: 0.983243 | IW8: 0.974031 | IX8: 0.971037 | IY8: 0.957219 | IZ8: 0.933728 | JA8: 0.914015 | JB8: 0.896235 | JC8: 0.887899 | JD8: 0.878871 | JE8: 0.861276 | JF8: 0.856992 | JG8: 0.860309 | JH8: 0.863072 | JI8: 0.833548 | JJ8: 0.848149 | JK8: 0.853814 | JL8: 0.82125 | JM8: 0.805497 | JN8: 0.789284 | JO8: 0.797759 | JP8: 0.799095 | JQ8: 0.785369 | JR8: 0.765103 | JS8: 0.753357 | JT8: 0.754969 | JU8: 0.751699 | JV8: 0.747047 | JW8: 0.730235 | JX8: 0.723326 | JY8: 0.72761 | JZ8: 0.704994 | KA8: 0.703613 | KB8: 0.69569 | KC8: 0.682195 | KD8: 0.684129 | KE8: 0.67828 | KF8: 0.661099 | KG8: 0.664415 | KH8: 0.668469 | KI8: 0.656954 | KJ8: 0.640372 | KK8: 0.637332 | KL8: 0.648755 | KM8: 0.636733 | KN8: 0.63093 | KO8: 0.624528 | KP8: 0.621165 | KQ8: 0.638161 | KR8: 0.618309 | KS8: 0.605689 | KT8: 0.605413 | KU8: 0.591641 | KV8: 0.584547 | KW8: 0.582935 | KX8: 0.581784 | KY8: 0.57856 | KZ8: 0.569854 | LA8: 0.570039 | LB8: 0.590167 | LC8: 0.586436 | LD8: 0.566676 | LE8: 0.563959 | LF8: 0.550279 | LG8: 0.53858 | LH8: 0.533375 | LI8: 0.537889 | LJ8: 0.527802 | LK8: 0.534296 | LL8: 0.52794 | LM8: 0.535678 | LN8: 0.53706 | LO8: 0.524808 | LP8: 0.520985 | LQ8: 0.513707 | LR8: 0.508226 | LS8: 0.503758 | LT8: 0.508779 | LU8: 0.505416 | LV8: 0.488651 | LW8: 0.47907 | LX8: 0.47884 | LY8: 0.485887 | LZ8: 0.485058 | MA8: 0.476629 | MB8: 0.469812 | MC8: 0.470457 | MD8: 0.46341 | ME8: 0.463502 | MF8: 0.468937 | MG8: 0.461291 | MH8: 0.460968 | MI8: 0.461199 | MJ8: 0.448578 | MK8: 0.438952 | ML8: 0.445769 | MM8: 0.439735 | MN8: 0.438675 | MO8: 0.458481 | MP8: 0.449407 | MQ8: 0.438399 | MR8: 0.433056 | MS8: 0.426147 | MT8: 0.415139 | MU8: 0.409704 | MV8: 0.405604 | MW8: 0.402657 | MX8: 0.412467 | MY8: 0.413112 | MZ8: 0.401873 | NA8: 0.398972 | NB8: 0.418363 | NC8: 0.40086 | ND8: 0.398695 | NE8: 0.395103 | NF8: 0.391602 | NG8: 0.394181 | NH8: 0.393076 | NI8: 0.405328 | NJ8: 0.393398 | NK8: 0.378936 | NL8: 0.374836 | NM8: 0.380133 | NN8: 0.37433 | NO8: 0.38695 | NP8: 0.37585 | NQ8: 0.376863 | NR8: 0.379028 | NS8: 0.349319 | NT8: 0.363736 | NU8: 0.367835 | NV8: 0.379074 | NW8: 0.366499 | NX8: 0.35305 | NY8: 0.349826 | NZ8: 0.354478 | OA8: 0.357978 | OB8: 0.335593 | OC8: 0.351346 | OD8: 0.36696 | OE8: 0.366545 | OF8: 0.342456 | OG8: 0.356044 | OH8: 0.360972 | OI8: 0.339554 | OJ8: 0.336745 | OK8: 0.342134 | OL8: 0.327855 | OM8: 0.332369 | ON8: 0.333797 | OO8: 0.328822 | OP8: 0.330204 | OQ8: 0.331954 | OR8: 0.323848 | OS8: 0.329559 | OT8: 0.330573 | OU8: 0.319564 | OV8: 0.307497 | OW8: 0.327717 | OX8: 0.32265 | OY8: 0.312886 | OZ8: 0.324032 | PA8: 0.320762 | PB8: 0.317031 | PC8: 0.297363 | PD8: 0.311135 | PE8: 0.316156 | PF8: 0.295291 | PG8: 0.306667 | PH8: 0.308003 | PI8: 0.300772 | PJ8: 0.317215 | PK8: 0.312379 | PL8: 0.289257 | PM8: 0.291145 | PN8: 0.292757 | PO8: 0.294416 | PP8: 0.288612 | PQ8: 0.302845 | PR8: 0.297363 | PS8: 0.2905 | PT8: 0.303305 | PU8: 0.294139 | PV8: 0.289026 | PW8: 0.305654 | PX8: 0.293448 | PY8: 0.28898 | PZ8: 0.290823 | QA8: 0.307727 | QB8: 0.291974 | QC8: 0.280229 | QD8: 0.28677 | QE8: 0.277419 | QF8: 0.272721 | QG8: 0.281749 | QH8: 0.296442 | QI8: 0.281703 | QJ8: 0.27332 | QK8: 0.269313 | QL8: 0.27355 | QM8: 0.27309 | QN8: 0.274932 | QO8: 0.27788 | QP8: 0.280137 | QQ8: 0.287691 | QR8: 0.257199 | QS8: 0.264292 | QT8: 0.277788 | QU8: 0.26572 | QV8: 0.274564 | QW8: 0.28442 | QX8: 0.270372 | QY8: 0.277834 | QZ8: 0.26526 | RA8: 0.260193 | RB8: 0.261483 | RC8: 0.267102 | RD8: 0.270234 | RE8: 0.263279 | RF8: 0.256784 | RG8: 0.266964 | RH8: 0.259594 | RI8: 0.263878 | RJ8: 0.26268 | RK8: 0.254482 | RL8: 0.253975 | RM8: 0.258166 | RN8: 0.253652 | RO8: 0.254482 | RP8: 0.257752 | RQ8: 0.246513 | RR8: 0.259917 | RS8: 0.253652 | RT8: 0.227767 | RU8: 0.234998 | RV8: 0.253514 | RW8: 0.245638 | RX8: 0.258995 | RY8: 0.270971 | RZ8: 0.251718 | SA8: 0.23661 | SB8: 0.243703 | SC8: 0.24725 | SD8: 0.260607 | SE8: 0.2531 | SF8: 0.24877 | SG8: 0.257337 | SH8: 0.236518 | SI8: 0.217127 | SJ8: 0.227951 | SK8: 0.2303 | SL8: 0.245638 | SM8: 0.256692 | SN8: 0.260746 | SO8: 0.248125 | SP8: 0.227444 | SQ8: 0.238453 | SR8: 0.24246 | SS8: 0.245085 | ST8: 0.248632 | SU8: 0.229425 | SV8: 0.229885 | SW8: 0.222239 | SX8: 0.216712 | SY8: 0.231083 | SZ8: 0.230254 | TA8: 0.212521 | TB8: 0.217173 | TC8: 0.221963 | TD8: 0.2227 | TE8: 0.25158 | TF8: 0.233708 | TG8: 0.216298 | TH8: 0.220167 | TI8: 0.1923 | TJ8: 0.194603 | TK8: 0.212014 | TL8: 0.203309 | TM8: 0.200177 | TN8: 0.198703 | TO8: 0.21312 | TP8: 0.209112 | TQ8: 0.194926 | TR8: 0.195755 | TS8: 0.185161 | TT8: 0.196538 | TU8: 0.1812 | TV8: 0.180095 | TW8: 0.181338 | TX8: 0.173416 | TY8: 0.154623 | TZ8: 0.178344 | UA8: 0.181384 | UB8: 0.172218 | UC8: 0.158999 | UD8: 0.159322 | UE8: 0.162776 | UF8: 0.179127 | UG8: 0.168073 | UH8: 0.159644 | UI8: 0.206441 | UJ8: 0.199209 | UK8: 0.178206 | UL8: 0.213811 | UM8: 0.195939 | UN8: 0.153518 | UO8: 0.188754 | UP8: 0.19055 | UQ8: 0.166092 | UR8: 0.198426 | US8: 0.180187 | UT8: 0.194603 | UU8: 0.21837 | UV8: 0.14882 | UW8: 0.194834 | UX8: 0.210356 | UY8: 0.222147 | UZ8: 0.206763 | VA8: 0.223023 | VB8: 0.198196 | VC8: 0.207731 | VD8: 0.1923 | VE8: 0.191287 | VF8: 0.194327 | VG8: 0.207086 | VH8: 0.202157 | VI8: 0.211554 | VJ8: 0.21639 | VK8: 0.204414 | VL8: 0.206579 | VM8: 0.163605 | VN8: 0.19161 | VO8: 0.231405 | VP8: 0.185852 | VQ8: 0.242322 | VR8: 0.228918 | VS8: 0.24375 | VT8: 0.228089 | VU8: 0.21662 | VV8: 0.192254 | VW8: 0.199762 | VX8: 0.190873 | VY8: 0.191379 | VZ8: 0.20294 | WA8: 0.183042 | WB8: 0.22878 | WC8: 0.177239 | WD8: 0.192347 | WE8: 0.21358 | WF8: 0.236656 | WG8: 0.222424 | WH8: 0.224911 | WI8: 0.227444 | WJ8: 0.238591 | WK8: 0.226201 | WL8: 0.218693 | WM8: 0.230576 | WN8: 0.02023 | WO8: 0.01803 | WP8: 1.122
A9: 6 | B9: 45062 | C9: 0.38888889 | F9: 0.11 | G9: 311 | H9: =4.4907*IT9^0.578 -> 6.5659113 | I9: 006_20230516 | J9: 0.05 | K9: 105.2384 | L9: 105.1064 | M9: 101.8347 | N9: 100.1908 | O9: 94.69872 | P9: 94.97724 | Q9: 94.94702 | R9: 91.2344 | S9: 88.70345 | T9: 87.39821 | U9: 85.00424 | V9: 82.36472 | W9: 80.87146 | X9: 78.44414 | Y9: 76.50644 | Z9: 75.14537 | AA9: 73.07631 | AB9: 70.76645 | AC9: 68.86776 | AD9: 66.74771 | AE9: 65.03824 | AF9: 63.38883 | AG9: 61.68889 | AH9: 60.27043 | AI9: 58.90682 | AJ9: 57.42397 | AK9: 56.10288 | AL9: 55.0271 | AM9: 53.72936 | AN9: 52.57284 | AO9: 51.35796 | AP9: 50.22806 | AQ9: 49.36798 | AR9: 48.59874 | AS9: 47.62438 | AT9: 46.83072 | AU9: 46.03204 | AV9: 45.20591 | AW9: 44.49226 | AX9: 43.93207 | AY9: 43.35632 | AZ9: 42.79743 | BA9: 42.14697 | BB9: 41.58559 | BC9: 41.09915 | BD9: 40.62768 | BE9: 40.24709 | BF9: 39.84347 | BG9: 39.46665 | BH9: 39.19591 | BI9: 38.76308 | BJ9: 38.36692 | BK9: 38.09507 | BL9: 37.83253 | BM9: 37.55129 | BN9: 37.14513 | BO9: 36.80037 | BP9: 36.51466 | BQ9: 36.22011 | BR9: 35.87392 | BS9: 35.50765 | BT9: 35.15193 | BU9: 34.79151 | BV9: 34.4234 | BW9: 34.07482 | BX9: 33.66373 | BY9: 33.23676 | BZ9: 32.88048 | CA9: 32.484 | CB9: 32.04998 | CC9: 31.63889 | CD9: 31.21661 | CE9: 30.76702 | CF9: 30.31807 | CG9: 29.82132 | CH9: 29.37771 | CI9: 28.94664 | CJ9: 28.49133 | CK9: 28.03829 | CL9: 27.5705 | CM9: 27.1923 | CN9: 26.78486 | CO9: 26.30358 | CP9: 25.84219 | CQ9: 25.43622 | CR9: 25.01357 | CS9: 24.57955 | CT9: 24.16948 | CU9: 23.72316 | CV9: 23.26785 | CW9: 22.85364 | CX9: 22.42707 | CY9: 22.0509 | CZ9: 21.67197 | DA9: 21.26143 | DB9: 20.88043 | DC9: 20.51075 | DD9: 20.23466 | DE9: 19.83357 | DF9: 19.51917 | DG9: 19.19569 | DH9: 18.86908 | DI9: 18.54532 | DJ9: 18.17919 | DK9: 17.93259 | DL9: 17.65673 | DM9: 17.25827 | DN9: 16.95717 | DO9: 16.67952 | DP9: 16.43379 | DQ9: 16.14035 | DR9: 15.85947 | DS9: 15.61393 | DT9: 15.31859 | DU9: 15.07512 | DV9: 14.82764 | DW9: 14.62142 | DX9: 14.3943 | DY9: 14.10385 | DZ9: 13.91657 | EA9: 13.74997 | EB9: 13.4135 | EC9: 13.32322 | ED9: 13.05129 | EE9: 12.9179 | EF9: 12.63702 | EG9: 12.4344 | EH9: 12.28512 | EI9: 12.01507 | EJ9: 11.88523 | EK9: 11.63494 | EL9: 11.37742 | EM9: 11.32652 | EN9: 11.11363 | EO9: 10.97518 | EP9: 10.74276 | EQ9: 10.58362 | ER9: 10.4179 | ES9: 10.14425 | ET9: 9.975444 | EU9: 9.876231 | EV9: 9.750257 | EW9: 9.554779 | EX9: 9.424659 | EY9: 9.228536 | EZ9: 9.143417 | FA9: 8.968757 | FB9: 8.929744 | FC9: 8.662919 | FD9: 8.590973 | FE9: 8.580379 | FF9: 8.383288 | FG9: 8.128945 | FH9: 7.953364 | FI9: 7.925728 | FJ9: 7.808229 | FK9: 7.705516 | FL9: 7.477334 | FM9: 7.392676 | FN9: 7.36481 | FO9: 7.184577 | FP9: 7.091259 | FQ9: 6.953678 | FR9: 6.790488 | FS9: 6.773814 | FT9: 6.645168 | FU9: 6.454894 | FV9: 6.307549 | FW9: 6.202025 | FX9: 6.107924 | FY9: 6.02474 | FZ9: 5.79315 | GA9: 5.722955 | GB9: 5.677724 | GC9: 5.490122 | GD9: 5.384598 | GE9: 5.341855 | GF9: 5.202155 | GG9: 5.344572 | GH9: 5.185573 | GI9: 5.068166 | GJ9: 5.016302 | GK9: 4.915892 | GL9: 4.82695 | GM9: 4.770572 | GN9: 4.702404 | GO9: 4.598354 | GP9: 4.488179 | GQ9: 4.415496 | GR9: 4.326784 | GS9: 4.278007 | GT9: 4.210713 | GU9: 4.095425 | GV9: 4.04393 | GW9: 3.990777 | GX9: 3.969681 | GY9: 3.866092 | GZ9: 3.808932 | HA9: 3.754028 | HB9: 3.697835 | HC9: 3.627317 | HD9: 3.578033 | HE9: 3.48665 | HF9: 3.456112 | HG9: 3.396741 | HH9: 3.366433 | HI9: 3.261232 | HJ9: 3.242302 | HK9: 3.188596 | HL9: 3.137054 | HM9: 3.109234 | HN9: 3.063174 | HO9: 3.030103 | HP9: 2.946228 | HQ9: 2.926745 | HR9: 2.870183 | HS9: 2.818365 | HT9: 2.816937 | HU9: 2.742873 | HV9: 2.693911 | HW9: 2.672125 | HX9: 2.63583 | HY9: 2.596863 | HZ9: 2.563009 | IA9: 2.509809 | IB9: 2.478811 | IC9: 2.439384 | ID9: 2.420177 | IE9: 2.36274 | IF9: 2.328379 | IG9: 2.304382 | IH9: 2.27997 | II9: 2.250123 | IJ9: 2.210696 | IK9: 2.158372 | IL9: 2.157635 | IM9: 2.104297 | IN9: 2.08532 | IO9: 2.076661 | IP9: 2.05598 | IQ9: 2.009966 | IR9: 1.9745 | IS9: 1.940876 | IT9: 1.929453 | IU9: 1.907114 | IV9: 1.878741 | IW9: 1.855988 | IX9: 1.825957 | IY9: 1.804447 | IZ9: 1.772895 | JA9: 1.741114 | JB9: 1.727112 | JC9: 1.698647 | JD9: 1.673959 | JE9: 1.662029 | JF9: 1.655995 | JG9: 1.6425 | JH9: 1.617213 | JI9: 1.601184 | JJ9: 1.574101 | JK9: 1.56019 | JL9: 1.536976 | JM9: 1.505701 | JN9: 1.49566 | JO9: 1.508787 | JP9: 1.491837 | JQ9: 1.455128 | JR9: 1.427031 | JS9: 1.405567 | JT9: 1.397506 | JU9: 1.389768 | JV9: 1.366324 | JW9: 1.349696 | JX9: 1.339931 | JY9: 1.325284 | JZ9: 1.298109 | KA9: 1.292858 | KB9: 1.283508 | KC9: 1.274112 | KD9: 1.2573 | KE9: 1.240488 | KF9: 1.22819 | KG9: 1.215708 | KH9: 1.208476 | KI9: 1.192816 | KJ9: 1.171398 | KK9: 1.165456 | KL9: 1.166377 | KM9: 1.140584 | KN9: 1.133398 | KO9: 1.134458 | KP9: 1.120916 | KQ9: 1.112303 | KR9: 1.08674 | KS9: 1.077666 | KT9: 1.078817 | KU9: 1.062604 | KV9: 1.039758 | KW9: 1.033172 | KX9: 1.02571 | KY9: 1.027092 | KZ9: 1.016406 | LA9: 0.991119 | LB9: 0.995679 | LC9: 0.994343 | LD9: 0.98421 | LE9: 0.972971 | LF9: 0.949066 | LG9: 0.944598 | LH9: 0.947777 | LI9: 0.943677 | LJ9: 0.917745 | LK9: 0.909685 | LL9: 0.918759 | LM9: 0.913093 | LN9: 0.912034 | LO9: 0.890248 | LP9: 0.881727 | LQ9: 0.879193 | LR9: 0.873758 | LS9: 0.85948 | LT9: 0.852617 | LU9: 0.828758 | LV9: 0.816321 | LW9: 0.822539 | LX9: 0.814894 | LY9: 0.805405 | LZ9: 0.795963 | MA9: 0.784908 | MB9: 0.791771 | MC9: 0.797713 | MD9: 0.778184 | ME9: 0.777815 | MF9: 0.770814 | MG9: 0.764596 | MH9: 0.760773 | MI9: 0.751193 | MJ9: 0.74479 | MK9: 0.737006 | ML9: 0.732953 | MM9: 0.733644 | MN9: 0.723142 | MO9: 0.723464 | MP9: 0.71416 | MQ9: 0.698131 | MR9: 0.694677 | MS9: 0.70154 | MT9: 0.685189 | MU9: 0.686524 | MV9: 0.676161 | MW9: 0.66764 | MX9: 0.680629 | MY9: 0.670311 | MZ9: 0.663402 | NA9: 0.657276 | NB9: 0.66202 | NC9: 0.649492 | ND9: 0.642998 | NE9: 0.636826 | NF9: 0.634384 | NG9: 0.645899 | NH9: 0.624666 | NI9: 0.623791 | NJ9: 0.606334 | NK9: 0.599056 | NL9: 0.592193 | NM9: 0.598458 | NN9: 0.58358 | NO9: 0.577224 | NP9: 0.574645 | NQ9: 0.578237 | NR9: 0.581738 | NS9: 0.564603 | NT9: 0.56359 | NU9: 0.559491 | NV9: 0.562439 | NW9: 0.549772 | NX9: 0.530473 | NY9: 0.538902 | NZ9: 0.537382 | OA9: 0.539869 | OB9: 0.523656 | OC9: 0.525499 | OD9: 0.518267 | OE9: 0.542172 | OF9: 0.512924 | OG9: 0.50818 | OH9: 0.521261 | OI9: 0.492474 | OJ9: 0.496665 | OK9: 0.498185 | OL9: 0.467739 | OM9: 0.494546 | ON9: 0.488006 | OO9: 0.480222 | OP9: 0.478471 | OQ9: 0.475616 | OR9: 0.474971 | OS9: 0.468707 | OT9: 0.470825 | OU9: 0.44692 | OV9: 0.444479 | OW9: 0.453737 | OX9: 0.45931 | OY9: 0.433056 | OZ9: 0.451572 | PA9: 0.442544 | PB9: 0.437662 | PC9: 0.439551 | PD9: 0.439136 | PE9: 0.416981 | PF9: 0.438307 | PG9: 0.449361 | PH9: 0.448717 | PI9: 0.432227 | PJ9: 0.444018 | PK9: 0.417073 | PL9: 0.417626 | PM9: 0.413112 | PN9: 0.414033 | PO9: 0.394135 | PP9: 0.389714 | PQ9: 0.406203 | PR9: 0.407078 | PS9: 0.381515 | PT9: 0.394872 | PU9: 0.398235 | PV9: 0.396024 | PW9: 0.396899 | PX9: 0.385614 | PY9: 0.377692 | PZ9: 0.375021 | QA9: 0.392431 | QB9: 0.388286 | QC9: 0.380271 | QD9: 0.376126 | QE9: 0.368941 | QF9: 0.370046 | QG9: 0.372625 | QH9: 0.367144 | QI9: 0.357702 | QJ9: 0.354892 | QK9: 0.359544 | QL9: 0.344483 | QM9: 0.359084 | QN9: 0.356597 | QO9: 0.362538 | QP9: 0.367236 | QQ9: 0.351069 | QR9: 0.3396 | QS9: 0.340476 | QT9: 0.342226 | QU9: 0.335087 | QV9: 0.345128 | QW9: 0.355675 | QX9: 0.341489 | QY9: 0.33435 | QZ9: 0.319288 | RA9: 0.334119 | RB9: 0.320025 | RC9: 0.330619 | RD9: 0.339739 | RE9: 0.334396 | RF9: 0.329928 | RG9: 0.326013 | RH9: 0.326934 | RI9: 0.331264 | RJ9: 0.319518 | RK9: 0.302384 | RL9: 0.299206 | RM9: 0.316248 | RN9: 0.323986 | RO9: 0.313761 | RP9: 0.31505 | RQ9: 0.306023 | RR9: 0.307312 | RS9: 0.305286 | RT9: 0.29308 | RU9: 0.308095 | RV9: 0.319702 | RW9: 0.313024 | RX9: 0.32265 | RY9: 0.328131 | RZ9: 0.303029 | SA9: 0.29308 | SB9: 0.30114 | SC9: 0.296672 | SD9: 0.308003 | SE9: 0.30897 | SF9: 0.2946 | SG9: 0.291099 | SH9: 0.28898 | SI9: 0.28244 | SJ9: 0.282624 | SK9: 0.281288 | SL9: 0.294185 | SM9: 0.291514 | SN9: 0.281611 | SO9: 0.285296 | SP9: 0.284513 | SQ9: 0.288382 | SR9: 0.282486 | SS9: 0.290777 | ST9: 0.286723 | SU9: 0.271155 | SV9: 0.282716 | SW9: 0.266826 | SX9: 0.261068 | SY9: 0.275347 | SZ9: 0.267516 | TA9: 0.251303 | TB9: 0.250106 | TC9: 0.255725 | TD9: 0.271155 | TE9: 0.271432 | TF9: 0.249645 | TG9: 0.258811 | TH9: 0.271386 | TI9: 0.235965 | TJ9: 0.236058 | TK9: 0.238176 | TL9: 0.2303 | TM9: 0.235228 | TN9: 0.24223 | TO9: 0.237992 | TP9: 0.257521 | TQ9: 0.247112 | TR9: 0.22445 | TS9: 0.22072 | TT9: 0.218601 | TU9: 0.223529 | TV9: 0.224635 | TW9: 0.214962 | TX9: 0.206072 | TY9: 0.214087 | TZ9: 0.211784 | UA9: 0.194557 | UB9: 0.211461 | UC9: 0.211139 | UD9: 0.182996 | UE9: 0.184977 | UF9: 0.202526 | UG9: 0.207777 | UH9: 0.198242 | UI9: 0.238268 | UJ9: 0.228734 | UK9: 0.221088 | UL9: 0.262957 | UM9: 0.215192 | UN9: 0.176456 | UO9: 0.241999 | UP9: 0.227997 | UQ9: 0.186082 | UR9: 0.211047 | US9: 0.222009 | UT9: 0.220996 | UU9: 0.228826 | UV9: 0.174844 | UW9: 0.232004 | UX9: 0.239742 | UY9: 0.231958 | UZ9: 0.216897 | VA9: 0.213811 | VB9: 0.207915 | VC9: 0.237762 | VD9: 0.241078 | VE9: 0.237301 | VF9: 0.212843 | VG9: 0.228043 | VH9: 0.214317 | VI9: 0.212244 | VJ9: 0.225003 | VK9: 0.221917 | VL9: 0.186497 | VM9: 0.203815 | VN9: 0.225326 | VO9: 0.20902 | VP9: 0.226984 | VQ9: 0.23661 | VR9: 0.200453 | VS9: 0.217357 | VT9: 0.262818 | VU9: 0.246836 | VV9: 0.20552 | VW9: 0.230715 | VX9: 0.192116 | VY9: 0.177699 | VZ9: 0.177884 | WA9: 0.232465 | WB9: 0.213672 | WC9: 0.226062 | WD9: 0.199808 | WE9: 0.244671 | WF9: 0.230945 | WG9: 0.206809 | WH9: 0.253376 | WI9: 0.223852 | WJ9: 0.197828 | WK9: 0.210955 | WL9: 0.228181 | WM9: 0.215515 | WN9: 0.01699 | WO9: 0.01721 | WP9: 0.9872
